mon,Lo 10,2-Dec,3-Dec,4-Dec,5-Dec,6-Dec,7-Dec,8-Dec,9-Dec,Hi 10
192607,4.63,1.24,11.4,1.68,1.5,2.09,2.73,1.58,0.63,0.52
192608,0.15,2.18,6.4,2.38,1.58,2.63,4.46,4.94,8.31,3.92
192609,-0.11,-2.3,6.32,0.73,-0.89,0.38,-0.28,0.17,-2.16,0.44
192610,-3.78,-1.63,-5.01,-1.41,-2.31,-2.1,-4.65,-2.8,-5.46,-1.17
192611,6.03,1.49,1.11,3.63,1.97,1.8,4,3.85,2.77,1.76
192612,1.31,2.23,5.68,1.69,0.66,3.15,5.9,3.21,1.38,3.81
192701,-0.55,-0.12,-0.1,0.71,-1.65,0.87,-0.12,3.03,4.69,7.51
192702,4.45,2.66,7.57,3.22,3.77,2.96,5,6.91,8.06,12.04
192703,0.71,-0.42,3.13,0.38,-1.78,1.08,1.02,-3.48,-3.04,0.67
192704,3.94,-0.41,4.36,-1.65,-1.11,0.3,0.35,-1.16,2.22,0.66
192705,5.74,5.31,5.11,4.71,5.21,5.28,5.15,8.93,8.07,10.85
192706,0.92,-1.21,-3,-3.18,-2.65,-2.73,-2.66,-2.07,-2.13,-2.83
192707,11.47,8.89,6.64,4.58,5.73,7.83,8.87,6.62,7.49,6.09
192708,6.61,2.96,1.33,1.96,1.37,-0.52,1.3,-1.6,0.37,-3.89
192709,7.44,3,4.31,2.8,6.31,3.76,3.28,4.49,5.85,6.67
192710,-3.97,-4.94,-2.08,-2.37,-3.99,-3.25,-7.15,-4.3,-11.51,-9.71
192711,7.43,6.72,7.03,6.93,6.32,6.57,7.82,6.35,8.51,9.7
192712,3.29,1.39,2.42,1.29,1.9,1.72,2.67,2.16,6.3,4.68
192801,-1.45,0.7,0.27,-0.15,-0.87,0.57,-0.07,-1.16,-0.63,-3.43
192802,-0.11,-2.06,-0.81,-0.6,-0.77,-0.93,-2.59,-1.74,-5.27,-5.55
192803,17.25,11.7,6.16,5.99,7.27,5.74,5.56,6.05,12.95,11.19
192804,0.95,4.17,4.89,11.03,8.46,2.72,2.02,4.79,4.61,9.91
192805,3.89,-0.49,3.23,-0.75,-0.47,0.58,0.95,1.68,-0.87,0.48
192806,-3.58,-3.71,-3.92,-4.37,-3.85,-3.92,-5.69,-4.79,-8.39,-5.84
192807,0.82,3.32,0.72,-0.52,-0.4,0.66,0.63,0.58,0.63,-0.35
192808,8.1,10.38,8.56,5.74,7.4,4.37,4.09,6.36,5.83,6.97
192809,3.18,2.59,3.03,1.51,3.57,1.88,0.93,3.11,7.65,5.34
192810,1.43,2.04,1.11,3.22,1.2,0.97,-0.18,2.46,2.95,-4.53
192811,10.7,13.35,9.9,11.26,18.82,13.09,8.22,11.25,16.44,10.41
192812,0.83,0.83,1.35,1.44,0.38,-1.58,0.37,2.07,-0.93,0.72
192901,6.41,5.81,6.87,10.28,2.96,1.57,4.12,3.38,0.06,5.13
192902,-0.42,-1.86,0.45,1.46,1.59,0.33,-0.52,2.82,2.35,2.05
192903,-0.15,-2.41,-4.35,1.92,3.16,2.45,-1.25,-0.21,-1.26,-3.33
192904,1.63,3.56,2.31,2.28,0.61,1.1,-0.31,2.31,3.24,-0.29
192905,-7.34,-1.68,-5.77,-7.69,-3.4,-3.41,-0.27,-9.15,-3.65,-10.28
192906,10.14,16.34,14.29,12.09,12.39,5.64,7.32,8.7,5.49,5.88
192907,2.05,4.41,5.78,5.87,5.78,3.74,8.26,4.23,6.07,3.2
192908,6.01,7.02,9.57,11.84,10.86,11.91,13.94,6.76,5.36,0.76
192909,-6.46,-2.95,-1.58,-5.25,-4.03,-4.04,-6.9,-6.01,-5.99,-5.18
192910,-25.66,-23.87,-21.4,-19.48,-14.91,-11.96,-11.65,-11.1,-11.56,-18.06
192911,-13.8,-12.43,-16.81,-15.63,-10.63,-8.13,-10.66,-7.56,-8.32,-14.98
192912,2.77,5.1,2.66,1.61,-0.76,0.98,0.79,-0.25,1.73,8.77
193001,7.71,5.58,7.57,7.94,1.33,2.05,5.4,4.06,2.41,5.67
193002,2.43,3.95,4.9,4.88,2.56,-1.54,2.2,0.11,4.37,0.38
193003,6.83,6.53,7.19,4.68,9.52,12.66,5.64,5.93,5.93,7.91
193004,-2.24,1.41,-6.24,0.73,-1.93,0.65,-5.43,-6.56,-5.03,-10.05
193005,0.67,-0.09,1.31,-3.08,-2.33,-2.27,-1.6,-1.29,-1.94,-2.25
193006,-18.59,-16.72,-17.44,-16.18,-12.34,-15.79,-9.84,-11.88,-12.75,-22.19
193007,5.1,5.38,1.92,6.54,3.58,3.32,-0.44,5.4,3.99,-1.33
193008,1.95,0.23,0.6,-1.67,0.27,-0.8,-2.62,-1.28,-4.18,0.25
193009,-12.88,-12.25,-10.09,-14.54,-9.94,-10.65,-12.14,-16.48,-20.2,-20.89
193010,-10.85,-8.97,-7.13,-7.42,-6.17,-9.88,-8.93,-10.57,-13.91,-12.09
193011,-4.5,1.14,-2.28,0.18,-4.38,-4.67,-4.19,-6.16,-4.69,-4.51
193012,-5.55,-5.63,-6.73,-10.27,-6.7,-12.25,-13.35,-9.39,-17.51,-15.09
193101,3.73,6,5.25,4.92,6.45,10.98,14.71,13.03,15.76,20.21
193102,13.79,13.98,9.74,9.36,5.1,8.98,3.79,11.17,21.69,11.43
193103,-3.87,-3.76,-5.42,-11.5,-9.02,-8.83,-10.98,-8.39,-8.53,-9.57
193104,-9.87,-8.47,-7.46,-10.76,-10.97,-12.8,-12.26,-12.19,-13.84,-17.14
193105,-10.81,-12.75,-10.67,-12.61,-17.33,-16.03,-18.45,-18.51,-22.45,-14.18
193106,13,12.72,12.61,15.81,14.36,17.19,21.09,23.17,27.24,27.57
193107,-5.17,-5.62,-4.56,-9.45,-8.2,-13.43,-10.51,-11.09,-9.55,-5.22
193108,-0.76,1.38,4.63,-3.14,-0.32,-0.77,-0.69,-1.96,1.4,-6.88
193109,-30.65,-27.01,-27.15,-22.14,-29.75,-33.7,-33.91,-32.24,-38.78,-34.68
193110,9.92,8.25,10.43,2.21,3.71,3.77,6.88,8.37,12.98,5.08
193111,-5.6,-6.4,-7.01,-14.82,-18.69,-14.63,-17.4,-14.53,-10.84,-9.03
193112,-10.49,-10.8,-15.39,-17.18,-15.9,-23.19,-21.99,-19.37,-23.17,-26.71
193201,-4.15,-2.84,-2.38,0.11,-1.17,7.62,6.61,7.86,5.75,18.33
193202,5.26,9.79,7.24,2.74,2.23,1.65,-1.76,-0.81,3.76,-0.64
193203,-10.95,-10.91,-7.21,-16.03,-7.45,-21.08,-16.95,-16.16,-8.24,-14.12
193204,-20.47,-14.36,-18.49,-22.02,-18.37,-18.36,-18.79,-16.88,-17.56,-23.12
193205,-22,-18.28,-14.29,-23.6,-24.46,-32.34,-27.03,-24.6,-19.24,-17.91
193206,-1.4,-4.78,2.54,-4.84,1.34,4.31,10.16,5.66,7.68,-1.43
193207,30.12,23.02,34.56,40.97,47.31,48.82,55.56,63.41,73.76,74.66
193208,30.7,31.44,32.8,51.62,42.31,62.33,54.27,59.4,74.17,98.65
193209,0.99,-0.13,-6.85,-4.11,-10.25,-5.03,-3.51,-6.26,-5.06,-12.24
193210,-12.96,-9.53,-8.41,-20.66,-12.73,-21.08,-18.44,-22.41,-24.76,-25.76
193211,-3.36,-2.8,-1.18,-6.64,-9.41,-10.96,-7.45,-14.09,-18.14,-19.65
193212,7.9,6.12,5.76,6.53,2.62,-0.34,-6.58,-4.87,-4.34,-9.32
193301,-0.21,-0.21,0.87,-1.4,0.79,10.04,2.5,6.94,9.5,17.28
193302,-16.02,-13.18,-16.13,-20.84,-13.66,-17.63,-16.73,-16.41,-21.18,-21.72
193303,3.81,-3.65,4.16,15.6,7.5,8.12,10.29,6.81,11.63,13.78
193304,42.16,21.93,37.78,55.42,48.62,50.63,56.87,55.53,59.9,62.2
193305,17.94,17.66,14.99,30.29,27.1,23.6,35.26,44.04,53.38,62.79
193306,11.74,10.95,12.04,16.23,13.27,17.41,18.51,21.69,18.62,22.14
193307,-8.86,-8.35,-10.17,-14.22,-14.78,-8.62,-12.8,-9.02,-12.88,0.98
193308,8.56,9.63,15.75,18.26,14.74,16.05,11.84,15.98,21.92,12.32
193309,-8.76,-10.25,-7.21,-8.96,-10.91,-15.99,-16.13,-15.14,-22.66,-29.58
193310,-6.79,-6.58,-4.51,-7.15,-9.99,-12.46,-15.63,-17.06,-18.09,-15.72
193311,7.26,11.07,9.84,10.52,15.04,7.97,11.67,13.76,9.99,7.04
193312,-0.89,3.41,3.26,-1.43,1.24,4.17,6.71,0.49,7.42,3.77
193401,12.09,9.08,9.13,14.16,16.75,22.02,19.66,19.12,30.11,47.29
193402,-4.59,-1.14,-2.15,-2.22,-4.27,-1.86,-2.04,-4.03,-1.03,-0.06
193403,1.38,-0.56,-0.36,2.13,-0.93,-0.4,-0.83,-0.54,-1.44,1.52
193404,-0.56,-2.7,-1.19,-0.54,-2.14,-1.09,-6.23,-3.12,-5.07,-5.97
193405,-5.29,-7.05,-6.48,-8.32,-6.14,-10.02,-12.59,-11.15,-16.4,-14.06
193406,1.91,2.59,3.64,1.32,2.67,2.19,3.31,3.42,1.68,-2.48
193407,-7.44,-8.4,-10.19,-7.38,-13.57,-16.8,-20.83,-17.76,-29.72,-30.03
193408,5.89,5.17,7.28,3.94,3.58,7.4,6.35,4.46,7.78,13.1
193409,0.09,-0.41,-0.81,0.39,-0.42,-0.95,-0.7,-1.72,0.31,1.9
193410,0.22,1.46,-3.03,-0.31,-6.07,-1.56,-6.5,-6.55,-7.21,-7.75
193411,10.55,11.34,9.04,2.67,7.52,7.71,8.87,15.49,6.36,2.89
193412,-0.04,3.66,0.09,1.14,-1.71,2.1,2.16,-0.19,-4.01,-3.34
193501,-2.95,-0.57,-5.3,-2.32,-2.49,-3.04,-7.43,-6.74,-11.91,-8.39
193502,-0.13,1.04,-4.1,0.48,-3.8,-2.56,-6.6,-10.11,-15.26,-13.15
193503,-3.78,-3.12,-1.26,-3.54,-2.08,-2.7,-10.4,-7.48,-7.99,-12.92
193504,6.66,7.67,11.1,9.6,9,11.27,11.53,12.38,13.67,11.78
193505,2.56,2.37,4.74,4.95,2.38,6.33,1.57,2.96,5.13,3.54
193506,6.58,6.57,5.81,6.1,2.9,7.7,7.44,5.57,10.58,6.21
193507,5.52,9.35,4.77,7.31,5.17,6.33,8.37,21.93,16.12,6.81
193508,2.89,2.28,2.57,1.04,2.3,2.45,4.9,1.81,7.07,8.55
193509,3.91,6.56,1.42,-0.63,2.45,0.22,0.39,3.8,-0.36,-1.52
193510,4.54,8.47,7.51,8.87,4.82,12.09,9.82,5.47,6.73,6.3
193511,2.6,3.03,4.67,5.51,7.26,2.97,5.99,9.99,15.56,25.75
193512,3.54,2.36,3.49,4.74,3.58,12.03,6.91,7.37,9.97,3.48
193601,2.99,3.82,3.08,8.08,6.6,12.32,14.46,9.34,15.37,18.68
193602,1.15,2.78,1.5,1.67,4.48,3.74,1.11,11.04,4.03,6.44
193603,0.73,5.45,-0.69,2.21,-1.9,-0.77,2.07,2.35,-1.87,-4.01
193604,-6.12,-7.91,-8.35,-8.62,-7.2,-8.73,-10.95,-11.01,-10.59,-12.33
193605,5.26,5.53,2.8,5.09,4.9,4.79,6,5.5,5.97,11.63
193606,2.81,4.72,2.08,0.98,2.37,2.23,2.84,-0.58,0.81,-0.43
193607,8.27,1.78,5.16,7.15,5.02,7.58,7.32,13.17,9.72,13.88
193608,-0.46,1.23,1.66,0.75,0.78,0.88,1.16,4.39,3.64,6.53
193609,0.6,0.81,2.59,0.85,0.85,1.58,2.74,1.08,-0.07,2.5
193610,7.13,5.35,5.26,4.08,7.1,14.76,10.12,11.31,6.06,2.65
193611,2.29,5.7,4.52,3.08,3.39,2.83,4.84,1.03,0.97,-1.96
193612,-2.03,-2.21,0.21,0.17,0.31,4.76,7.86,1.91,1.61,1.28
193701,5.09,1.17,3.07,4.6,-0.18,1.65,3.74,3.77,11.25,6.26
193702,-0.04,-0.58,0.24,1.47,-1.11,4.42,0.3,4.25,8.76,13.3
193703,-2.37,-1.31,-0.13,-3.26,-1.42,3.47,0.68,3.64,6.51,12.27
193704,-6.95,-7.04,-6.38,-6.08,-5.27,-9.03,-5.44,-11.26,-11.34,-9.16
193705,0.47,0.67,-1.51,-2.91,0.39,-0.83,-1.36,-3.4,-1.83,-5.92
193706,-4.94,-3.45,-2.78,-3.92,-2.07,-3.63,-3.3,-6.59,-6.37,-17.64
193707,7.49,10.1,11.56,9.61,8.24,6.13,9.51,11.31,11.46,8.6
193708,-3.83,-2.3,-8.42,-3.76,-6.21,-3.99,-4.35,-7.26,-6.81,-10.84
193709,-12.52,-11.66,-14.46,-16.97,-14.69,-7.19,-15.61,-17.57,-20.28,-23.08
193710,-9.93,-10.5,-10.18,-8.51,-7.62,-6.51,-9.32,-10.7,-15.63,-19.44
193711,-7.66,-10.13,-8.84,-9.56,-10.27,-5.67,-6.76,-7.5,-8.53,-11.33
193712,-1.58,-6.55,-6.52,-3.76,-2.32,-2.54,-5.1,-7.61,-4.18,-15.59
193801,-0.15,3.9,0.32,0.98,1.87,-2.35,0.66,1.09,-1.29,-2.12
193802,5.95,6.33,7.78,7.05,8.7,1.71,6.5,5.96,4.2,12.2
193803,-23.63,-23.13,-24.78,-23.4,-25.01,-19.54,-24.93,-27.39,-29.49,-43.98
193804,11.4,16.16,15.84,14.43,15.84,13.39,15.84,19.61,11.53,20.56
193805,-3,-4.2,-4.03,-6.61,-4,-1.1,-6.08,-6.75,-5.48,-4.71
193806,27.01,24.14,26.51,27.4,22.42,16.76,22.23,26.16,31.93,38.16
193807,6.06,11.03,4.42,8.06,7.69,7.26,7.22,7.2,11.16,16.9
193808,-0.78,1.21,-1.68,-6.89,-4.46,-6.15,-5.69,-3.25,-8.32,-8.06
193809,1.63,0.55,1.6,0.99,-0.56,0.55,0.24,0.27,-1.62,-4.93
193810,6.72,7.89,6.65,4.24,10.46,4.29,15.56,10.15,19.61,18.08
193811,-1.25,-2.01,-0.31,-0.9,-3.41,-2.54,-3.15,-2.73,-2.94,-5.77
193812,4.4,2.28,3.17,5.46,4.62,2.72,3.43,5.2,9.71,11.57
193901,-5.43,-6.74,-3.8,-6.66,-4.79,-6.73,-6.98,-9.28,-11.45,-14.26
193902,2.21,3.85,4.43,1.57,4.94,2.27,5.9,6.28,7.1,7.78
193903,-8.79,-14.31,-7.66,-12.07,-14.87,-11.69,-18.77,-17.57,-23.72,-28.67
193904,-0.84,0.09,0.56,-0.01,0.3,-0.47,-0.12,-4.12,-1.19,-0.02
193905,6.75,7.56,6.73,5.62,6.88,3.77,6.71,8.47,10.21,10.31
193906,-3.63,-5.47,-4.66,-7.32,-4.97,-5.16,-8.52,-8.93,-12.94,-14.98
193907,9.91,13.32,11.91,7.57,8.7,10.48,10.41,9.18,15.89,20.49
193908,-5.01,-7.49,-8.27,-4.78,-7.03,-8.05,-7.31,-7.46,-11.86,-18.04
193909,10.59,17.03,17.89,10.76,16.9,19.84,32.53,30.33,46.65,67.81
193910,0.63,-0.79,0.04,0.12,0.19,-1.16,-3.1,-3.24,-4.25,-6.96
193911,-1.77,-3.27,-4.29,-1.65,-4.48,-3.5,-7.93,-6.57,-10.44,-17.5
193912,3.87,3.46,3.14,2.32,3.73,3.33,0.96,0.25,1.89,0.5
194001,-2.23,-2,-2.51,-1.48,-2.56,-1.35,-5.04,-2.86,-4.61,-8.9
194002,0.77,1.26,2.94,1.35,0.82,1.5,2.26,1.76,1.94,1.6
194003,2.48,2.91,1.29,0.91,1.97,1.94,2.18,2.75,2.49,0.7
194004,0.37,-0.37,-0.47,-0.15,0.56,1.39,0.19,2.13,0.94,-1.62
194005,-19.83,-24.98,-23.43,-18.97,-22.82,-24.07,-22.41,-22.85,-25.75,-35.42
194006,3.47,6.84,5.65,7.86,10.88,9.08,5.8,4.87,14.99,14.27
194007,3.45,5.1,2.15,2.54,3.27,4.05,3.44,3.72,3.25,2.17
194008,2.96,2.69,0.48,2.26,0.45,4.85,2.05,3.59,2.15,4.13
194009,3.56,3.38,2.36,2.91,0.55,0.73,0.67,0.77,2.4,3.03
194010,-0.16,1.99,2.19,4.3,5.75,7.01,9.72,6.53,11.15,5.86
194011,-2.52,-2.59,-0.21,-1.69,-0.91,-0.46,-1.3,3.21,-4.44,-4.43
194012,0.55,-0.52,1.4,1.03,0.56,-0.99,1.78,-0.89,1.93,-1.66
194101,-6.3,-4.49,-3.21,-4.97,-2.85,-3.15,-3.59,-2.35,-1.79,2.53
194102,-1.8,-0.9,-1.78,-1.56,-0.96,-2.17,-1.89,-1.01,0.01,-1.37
194103,0.45,0.64,0.64,0.87,2.15,0.2,0.8,2.72,3.02,6.22
194104,-6.29,-6.87,-6.63,-5.89,-3.51,-5.6,-3.99,-2.88,-2.53,-1.4
194105,1.49,0.47,0.4,2.68,2.92,1.13,2.29,3.82,0.32,1.16
194106,6.64,5.98,5.43,5.13,6.45,5.71,5.24,3.38,4.05,4.48
194107,4.3,5.21,2.24,6.58,8.57,8.2,11.29,8.61,15.51,20.05
194108,0.94,0.42,0.34,-0.35,-0.48,-2.42,-0.04,-1.95,-0.99,-2.95
194109,-0.05,0.65,-0.53,-1.91,-2.14,-2.97,-1.32,-1.48,0.43,-4.45
194110,-6.95,-5.79,-4.88,-4.74,-4.21,-1.63,-3.14,-2.31,-3.26,-6.76
194111,-1.61,-2.27,-3.27,-1.37,-1.57,1.4,-2.24,-1.21,-1.58,-5.12
194112,-3.1,-4.58,-7.35,-0.55,-6.41,-3.21,-7.08,-10.05,-10.21,-8.55
194201,-3.95,0.45,0.89,0.26,3.95,-1.6,2.96,10.1,8.39,18.68
194202,-2.88,-1.54,-1.71,-2.48,-2.72,-3.56,-1.57,-2.75,-4.81,1.94
194203,-5.91,-4.4,-6.57,-7.27,-8.52,-7.3,-5.71,-5.9,-5.33,-7.17
194204,-3.01,-5.33,-6.75,-5.63,-2.86,-4.52,-4.52,-3.19,-2.55,-2.52
194205,7.59,8.07,6.35,5.05,4.23,5.64,3.57,1.56,1.04,-2.46
194206,4.43,4.22,-0.23,3.5,2.64,1.31,2.77,2.76,2.76,2.53
194207,1.89,2.7,3.91,4.89,2.93,4.16,4.54,6.82,3.43,11.77
194208,0.99,2.13,2.42,1.28,0.73,2.32,3.28,3.64,5.9,2.47
194209,3.37,2.12,1.95,3.89,2.04,1.76,2.43,2.78,2.41,8.84
194210,5.29,5.3,5.47,5.72,7.91,10.52,9.77,11.19,13.52,14.78
194211,1.39,0.17,1.33,2.13,0.61,-0.8,-3.21,-3.8,-2.04,-7.78
194212,5.29,6.9,2.67,5.79,5.83,5.57,5.99,6.42,3.23,4.85
194301,5.86,5.18,5.02,7.25,9.9,8.03,9.25,9.22,16.28,15.6
194302,2.95,5.27,7.39,4.79,7.57,8.9,9.62,10.58,13.08,16.17
194303,3.44,5.55,4.28,6.25,9,7.37,7.99,10.49,11.72,15.13
194304,-0.56,-0.62,0.9,1.22,0.91,1.46,1.83,0.15,4.38,10.98
194305,5.04,5.59,4.73,4.96,7.47,6.42,5.84,7.58,7.87,10.61
194306,0.89,3.89,2.4,3.78,0.18,0.68,1.2,0.83,3.47,-4.25
194307,-5.47,-5.34,-3.47,-4.01,-1.87,-4.88,-6.37,-4.83,-5.51,-10.26
194308,1.24,2.25,1.46,1.24,1.25,1.39,0.9,0.31,0.77,-0.32
194309,2.3,2.58,1.93,2,2.76,2.73,4.02,2.27,3.46,5.25
194310,-1.92,-1.29,-0.8,-1.87,-0.12,-2.37,0.84,0.96,-0.53,-0.26
194311,-4.47,-6.76,-4.35,-5.04,-6.51,-7.37,-8.96,-7.17,-11.47,-15.56
194312,4.96,7.26,6.05,6.36,6.22,8.84,8.8,6.22,10.4,12.23
194401,0.43,2.15,0.95,1.53,1.74,3.49,0.99,3.59,5.36,9.37
194402,0.27,0.16,-0.24,0.81,1.42,-0.7,1.26,0.43,3.8,6.19
194403,2.75,1.94,1.56,2.73,1.47,3.53,3.75,3.28,4.99,5.8
194404,-1.3,-1.66,-1.43,-1.84,-1.94,-2.32,-1.84,-1.34,-1.35,-4.64
194405,4.55,4.28,4.9,4.69,4.8,5.59,6.35,4.36,8.14,7.57
194406,5.4,6.43,3.83,5.82,5.01,4,7.63,7.36,9.19,8.3
194407,-2.13,-0.76,-1.28,-1.66,-1.44,-0.81,-1.48,-1.26,-1.68,1.25
194408,1.63,1.92,0.82,0.58,2.38,2.46,1.66,2.49,1.35,-1.04
194409,0.44,0.5,0.13,-0.96,0.29,-0.6,1.12,-0.76,0.29,-0.52
194410,-0.16,-0.76,0.59,1.05,0.88,0.64,0.31,-0.79,0.45,-0.28
194411,1.11,1.09,1.29,2.33,1.81,2.65,2.67,3.11,2.52,5.03
194412,2.13,3.05,3.05,4.12,5.53,4.75,5,5.71,8.93,18.66
194501,1.14,1.73,-0.15,2.77,2.7,4.12,4.24,6.12,4.05,-1.41
194502,5.55,5.14,4.59,6.3,6.61,5.54,7.11,9.48,9.24,12.72
194503,-3.85,-3.91,-1.69,-4.59,-3.94,-4.42,-5.5,-5.73,-4.55,-4.58
194504,7.48,7.82,4.9,8.45,8.12,7.47,7.97,9.02,9.61,15.59
194505,0.78,4.01,2.87,0.89,1.55,1.26,1.1,0.48,1.91,3.53
194506,-1.83,-1.43,0.39,0.09,0.81,1.39,2.46,1.57,2.43,10.31
194507,-1.14,-2.22,-1.69,-0.35,-3.65,-2.01,-1.92,-3.69,-3.45,-7.12
194508,7.96,10.33,8.21,4.41,5.24,4.65,4.05,3.96,4.17,0.22
194509,5.18,4.72,2.86,3.82,4.12,4.74,6.91,4.12,5.4,8.2
194510,2.53,2.46,2.54,3.72,6.17,4.99,6.26,7.53,5,5.01
194511,2.24,4.78,3.95,5.91,5.67,6.03,7.58,7.87,7.97,13.9
194512,1.85,1.99,1.81,0.79,2.4,0.6,1.13,0.67,-0.05,-1.17
194601,5.71,7.1,6.89,4.68,5.03,4.94,7.21,6.46,8.97,9.68
194602,-5.31,-6.94,-6.35,-3.99,-5,-5.4,-7.15,-6.55,-6.84,-8.83
194603,4.81,5.7,5.9,5.16,8.32,7.87,6.78,8,4.77,3.17
194604,3.51,4.3,3.98,4.31,6.45,5.26,5.66,5.01,3.33,1.08
194605,3.1,2.74,4.94,4.04,3.25,2.1,6.01,5.34,3.78,10.83
194606,-4.13,-5.22,-4.29,-2.91,-1.7,-2.38,-5.39,-6.19,-3.6,-3.76
194607,-2.34,-2.63,-4.19,-3.6,-4.04,-1.4,-2.01,-1.26,-1.03,-6.75
194608,-6.04,-6.41,-7.26,-6.32,-6.66,-6.9,-5.79,-4.5,-6.54,-8.5
194609,-9.68,-10.78,-9.33,-10.01,-10.48,-7.3,-8.7,-9.18,-10.53,-19.02
194610,-3.8,-1.18,-2.5,-2.14,-1.45,-3.89,0.3,-0.63,0.12,2.77
194611,1,-1.2,-1.08,1,-2.61,2.08,0.72,0.19,-0.04,-0.17
194612,5.14,5.87,4.65,7.49,5.72,4.14,4.42,4.47,3.92,3.43
194701,0.05,3.98,3.57,-2.48,2,1.28,-1.3,2.39,2.03,1.87
194702,-0.69,1.26,-1.05,-0.2,-1.1,-1.66,-1.66,-1.3,-1.2,-2.18
194703,-1.99,-1.34,-2.68,-1.78,-2.4,-2.27,0.62,-0.5,-0.83,-4.59
194704,-5.91,-4.55,-5.85,-5.85,-6.28,-2.49,-3.16,-4.97,-4.03,-6.94
194705,-1.2,-1.5,-1.24,-1.12,-1.47,-1.71,2.35,-1.95,-1.83,-3.41
194706,7,5.31,7.16,6.51,7.75,-1,6.82,4.25,4.56,5.17
194707,3.12,4.16,3.67,4.22,3.57,3.47,3.66,5.73,6.72,9.37
194708,-1.83,-1.47,-2.69,-0.81,-0.37,-2.68,-1.66,-0.27,-1.85,-3.66
194709,-0.41,-0.72,-1.05,-0.4,-0.04,-1.55,0.31,0.38,-0.06,0.54
194710,1.33,3.08,3.25,4.41,1.52,3.74,2.28,3.99,4.28,0.19
194711,-1.39,-2.62,-3.36,-1.04,-1.97,-1.19,-2.78,-1.67,-1.72,-2.38
194712,1.97,1.77,2.23,4.35,1.95,4.2,2.35,4.9,4.52,9.46
194801,-4.68,-4.62,-3.4,-4.56,-1.88,-5.85,-2.37,-3.05,-4,-1.02
194802,-4.9,-4.49,-4.59,-5.55,-2.44,-3.7,-4.57,-5.86,-4.28,-5.05
194803,7.43,7.45,9.23,10.21,5.21,8.09,8.44,11.24,11.26,11
194804,2.12,2.61,1.84,3.9,3.57,5.8,2.6,5.33,7.41,6.71
194805,7.8,9.13,9.31,8.98,4.99,6.57,6.28,7.87,7.77,7.77
194806,-0.47,-0.8,-1.13,-0.46,0.53,0.78,-0.83,-0.62,2.5,1.4
194807,-5.02,-5.43,-4.24,-7.1,-3.4,-5.42,-6.45,-3.78,-5.7,-3.59
194808,0.19,1.82,0.35,-0.68,0.08,0.16,-0.75,-0.09,0.38,1.29
194809,-2.11,-3.24,-3.23,-3.75,-1.39,-1.98,-4.41,-4.1,-3.74,-4.04
194810,5.71,6.79,6.97,8.11,4.09,5.54,5.59,5.99,6.94,5.27
194811,-7.41,-9.61,-8.42,-10.25,-6.2,-9.66,-12.26,-11.83,-12.97,-15.66
194812,5.7,4.26,3.72,2.97,2.67,2.09,1.8,2.12,2.55,1.17
194901,0.41,1.35,-0.32,-1.93,-1.75,1.49,1.26,0.9,1.94,1.69
194902,-2.28,-2.9,-2.72,-4.21,-2.03,-2.11,-3.02,-2.27,-4.66,-6.02
194903,5.1,3.44,3.98,3.82,2.45,4.13,5.86,5.54,4.68,6.39
194904,-1.96,-2.07,-2.26,0.21,-1.37,-1.24,-1.12,-2.46,-2.38,-3.52
194905,-1.74,-2.26,-1.77,-4.01,-2.3,-2.19,-5.28,-4.54,-5.86,-5.4
194906,0.5,1.76,1,-1.08,1.29,-0.95,1.1,-1.44,-2.39,-3.27
194907,5.29,6.37,4.14,6.28,4.63,7.07,5.05,6.66,7.11,6.07
194908,3.12,2.42,2.46,2.87,2.8,3.94,1.31,2.8,2.7,2.5
194909,3.65,2.1,1.92,3.44,3.6,4,3.9,3.98,2.86,6.1
194910,3.26,4.11,2.53,3.71,2.7,3.16,2.03,4.06,3.77,2.09
194911,3.51,2.48,2.31,-0.28,0.95,0.14,0.78,0.54,2.47,1.32
194912,6.06,5.55,4.09,3.25,4.73,3.75,5.31,5.91,4.32,12.18
195001,1.29,0.55,1.01,1.55,2.86,2.5,2.48,1.39,5.65,6.54
195002,1.77,2.17,0.66,1.46,1.41,1.53,1.77,0.86,1.86,0.49
195003,2.07,1.83,1.82,1.03,0.27,1.57,-0.44,1.44,-2.41,0.46
195004,5.15,5.23,2.24,2.8,3.25,4.51,2.38,5.7,7.02,4.85
195005,4.42,5.32,3.98,5.61,2.87,6.16,3.69,5.84,3.19,1.48
195006,-6.37,-4.8,-4.78,-6.44,-5.79,-7.03,-6.81,-3.19,-7.99,-8.2
195007,-4.41,-2.51,-2.2,0.4,6.41,5.38,10.8,10.27,11.73,17.29
195008,6.76,6.08,4.2,3.7,4.98,4.72,3.74,2.59,4.58,1.17
195009,4.38,6.9,7.43,3.01,3.95,5.96,3.91,5.09,2.98,6.79
195010,-0.82,1.23,-1.1,0.03,-0.31,-1.94,-0.5,-0.52,4.4,-0.28
195011,4.21,0.5,0.96,2.54,4.09,2.9,4.35,4.2,3.21,6.3
195012,3.98,2.26,3.85,5.48,6.25,7.15,9.97,8.66,9.05,16.1
195101,4.83,5.1,6.38,3.61,6.84,7.21,6.14,6.6,9.19,11.16
195102,2.07,2.89,1.48,1.74,2.92,1.25,0.83,-0.97,-1.44,-1.5
195103,-1.15,0.09,-1.09,-1.55,-3.47,-2.95,-3.97,-4.78,-4.89,-5.69
195104,5.5,3.2,3.49,3.02,9.26,4.52,6.24,5.77,8.27,5.36
195105,-1.47,-3.4,-2.72,-1.18,-2.16,-2.11,-2.67,-1.84,-3.93,-4.4
195106,-1.68,-2.83,-2.67,-1.97,2.6,-3.95,-3.96,-5.39,-6.17,-9.3
195107,7.11,7,5.2,6.58,4.62,9.13,9.15,8.25,8.65,10.36
195108,3.19,4.68,6.35,4.34,4.63,4.37,3.93,5.85,6.07,2.26
195109,0.25,1.13,0.99,1.18,0.88,-0.93,1.97,0.36,1.79,3.8
195110,-4.56,-3.15,-2.62,-2.22,-0.95,1.27,-1.03,-0.69,-2.06,-5.27
195111,0.57,0.98,1.04,2.08,0.05,0.48,0.57,0.08,0.31,2.09
195112,5.39,3.42,2.27,3.25,2.72,5.08,2.24,1.71,1.43,1.02
195201,-1.06,1.99,2.05,1.7,1.12,4.48,2.99,4.18,1.99,3.11
195202,-1.76,-2.91,-2.16,-2.18,-2.57,-3.77,-1.71,-3.78,-3.84,-1.57
195203,4.46,4.73,3.31,5.85,3.19,5.12,5.91,5.67,3.38,9.11
195204,-5,-4.42,-4.13,-4.72,-3.6,-5.57,-7.16,-5.99,-6.56,-2.92
195205,4.51,3.08,2.89,2.8,1.88,3.7,3.12,3.29,1.91,4.51
195206,3.82,4.1,3.63,4.74,3.83,4.32,3.36,3.41,4.24,6.29
195207,0.95,2,0.9,1.46,0.82,-0.18,0.94,1.8,1.75,0.42
195208,-0.66,-0.69,-1.32,-0.43,0.42,0.05,-1.53,-0.41,-1.11,-0.86
195209,-1.37,-2.02,-2.31,-1.36,-0.7,-2.77,-4.14,-2.66,-2.21,-2.07
195210,-0.85,-0.86,0.08,-0.11,-0.11,-1.61,0.16,-1.18,-0.9,0.12
195211,8.09,4.5,4.24,6.65,4.96,4.13,5.85,7.35,6.4,8.29
195212,3.28,2.7,3.15,3.02,1.89,3.79,4.31,2.32,3.33,4.7
195301,-1.03,-0.14,-1.14,-0.31,1.19,0.06,-0.79,2.19,2.06,1.55
195302,-0.87,0.78,0.33,-0.2,-0.16,-0.08,1.1,-0.03,-0.19,-0.89
195303,-1.01,-1.85,-0.98,-1.88,-1.05,-1.06,-0.04,-2.83,-2.3,-2.22
195304,-2.48,-3.25,-3.73,-2.66,-2.23,-2.4,-2.62,-1.66,-0.63,-2.8
195305,0.93,0.18,1.23,-0.54,0.61,0.27,1.86,-0.11,0.31,3.69
195306,-1.82,-1.86,-1.2,-2.32,-0.94,-0.91,-2.94,-2.53,-1.98,-2.05
195307,2.43,3.2,3.7,2.57,1.36,2.09,0.83,2.15,1.36,1.69
195308,-3.62,-3.53,-4.92,-3.05,-4.6,-4.55,-6.31,-6.31,-6.29,-10.78
195309,1.02,1.31,0.31,1.07,0.29,-1.37,-1.5,-1.15,-2.32,-2.22
195310,5.46,4.48,4.76,3.7,4.72,5.19,4.52,5.45,3.04,3.83
195311,4.46,2.08,2.2,2.55,2.18,1.82,1.61,3.41,3.8,1.32
195312,0.7,0.52,0.18,0.97,0.34,0.06,-2.86,0.24,-3.72,-4.87
195401,3.75,3.4,6.72,4.37,6.22,7.68,8.58,7.55,8.18,8.34
195402,1.67,2.07,1.25,2.32,1.98,2.23,1.05,0.35,0.8,1.89
195403,4.89,3.48,3.54,3.72,3.95,3.12,2.48,2.61,1.03,1.3
195404,6.1,2.77,5.5,3.26,4.43,4.29,0.33,6.22,0.53,0.79
195405,2.93,2.77,2.85,1.79,3.31,2.7,6.61,5.94,7.43,6.09
195406,3.58,1.37,-1.2,-0.15,1.42,-1.15,-0.23,2.09,1.35,-0.79
195407,3.46,5.35,5.36,5.21,5.32,5.83,4.66,9.57,8.65,8.47
195408,-3.37,-2.84,-2.07,-0.57,-0.89,-1.38,-1.2,-5.23,-2.08,-3.87
195409,8.01,4.56,6.1,5.61,7.6,8.85,4.71,8.24,4.38,3.99
195410,-2.37,-1.9,-2.24,-1.03,-2.01,-0.33,-0.68,0.55,-1.98,1.06
195411,10.62,8.31,7.89,7.22,9.82,8.82,9.72,16.24,11.36,13.8
195412,4.02,4,5.47,3.92,7.73,7.48,10.31,9.16,12.85,14.97
195501,-0.01,-0.46,0.79,2.07,-1.45,0.44,-0.41,4.89,2.58,1.32
195502,2.78,3.54,3.4,2.34,2.99,3.73,3.97,2.64,3.62,5.38
195503,-0.24,0.17,-0.72,-0.33,0.56,-1.01,-0.12,1.79,3.75,0.67
195504,5.43,2.22,2.37,1.56,2.8,1.76,2.55,5.7,-0.46,4.86
195505,2.71,1.28,0.57,-0.22,0.14,0.81,0.16,-0.49,1.43,0.57
195506,7.99,4.28,4.86,6.42,8.82,8.76,5.32,12.76,3.96,2.42
195507,3.22,-0.63,3.99,1.89,0.17,2.05,-0.36,0.28,1.47,0.2
195508,0.25,2.34,-1.12,1.26,-0.12,-0.75,2.25,1.4,2.81,-0.67
195509,0.55,-1.82,0.54,-1.9,1.18,-0.25,0.42,-1.34,-2.55,-1.74
195510,-3.73,-2.54,-1.06,-2.47,-1.97,-0.93,-2.88,-2.38,-3,-3.13
195511,8.52,7.5,8.51,5.11,4.76,3.75,5.91,8.41,9.17,8.37
195512,1.43,2.61,2.68,0.63,3.09,1.8,1.13,-1.15,-0.27,-0.52
195601,-4.27,-4.53,-1.54,-1.57,-3.08,0.23,-2.38,-0.81,-2.02,-4.07
195602,5.23,5.29,3.32,2.93,2.99,2.3,4.01,3.23,3.25,3.1
195603,7.27,5.92,10.45,5.2,6.48,4.67,6.71,3.69,5.15,7.08
195604,-0.92,-0.06,2.29,-0.86,3.78,0.64,1.39,0.79,0.74,0.35
195605,-4.77,-4.57,-6.12,-3.52,-4.22,-4.67,-6.18,-5.16,-6.79,-6.6
195606,5.78,3.8,1.7,2.19,4.88,2.5,3.61,1.87,2.1,0.91
195607,4.45,4.76,7.53,6.33,7.84,2.83,3.86,5.87,3.4,3.15
195608,-2.98,-3.29,-5.39,-2.82,-1.64,-2.17,-2.53,-2.42,-2.34,-4.13
195609,-6.27,-5.75,-4.99,-4.07,-2.63,-3.51,-4.7,-4.15,-2.29,-2.57
195610,0.64,0.8,0.65,0.88,1.5,0.02,0.99,1.22,0.98,1.02
195611,-1.72,2.09,-0.46,1.67,2.68,1.33,5.4,2.04,0.26,-0.29
195612,3.08,4.14,5.68,2.46,4.37,2.88,2.48,1.5,2.21,2.04
195701,-5.55,-2.8,-3.65,-3.49,-4.53,0.56,-3.7,-1.95,0.38,0.53
195702,-1.56,-1.67,-1.29,-1.2,-3.55,-0.46,-4.47,-2.91,-2.43,-3.52
195703,2.06,3.63,2.98,0.98,2,2.59,1.66,1.71,1.21,2.63
195704,6.51,3.79,5.85,3.05,4.86,1.84,4.45,3.24,1.05,2.44
195705,4.08,6.34,3.81,2,2.78,2.73,2.29,0.92,1.64,3.47
195706,1.17,-1.29,-1.95,-1.58,0.4,-1.74,-2.14,-1.09,-0.06,0.66
195707,1.51,1.2,0.84,1.2,0.11,0.1,1.55,0.68,1.36,0.81
195708,-5.9,-4.94,-5.08,-4.12,-3.57,-2.22,-4.31,-6.63,-5.15,-5.43
195709,-6.67,-6.81,-5.24,-4.82,-3.71,-4.07,-5.94,-4.78,-5.61,-8.54
195710,-4.05,-3.58,-3.61,-2.74,-4.15,-3.12,-5.69,-6.28,-6.13,-10.69
195711,3.06,2.74,3.51,2.39,2.29,1.5,2.17,1.09,0.38,-2.34
195712,-4.65,-1.85,-4.59,-2.26,-1.53,-1.73,-7.84,-5.84,-3.73,-8.14
195801,3.44,3.18,3.89,6.09,6.9,5.46,8.48,11.43,12.36,12.61
195802,-2.14,-1.6,-1.39,-0.06,-0.26,-0.63,-2.29,-1.85,-0.86,-2.76
195803,2.99,4.14,3.52,2.74,5,2.88,1.74,4.15,2.92,2.52
195804,2.39,4.39,4,1.77,3.33,2.72,0.97,4.23,5.63,5.42
195805,2.68,0.75,2.42,3.58,2.97,1.73,3.75,3.69,4.15,3.86
195806,3.3,2.39,3.55,2,3.89,2.32,3.16,2.33,3.4,3.8
195807,5.66,4.17,2.34,3.16,4.17,4.76,5.45,6.23,7.52,9.28
195808,2.14,1.77,0.88,1.31,2.46,2.42,0.92,4.12,3.79,2.19
195809,3.66,5.97,4.85,3.51,4.99,3.3,4.49,6.24,7.79,11.05
195810,2.57,2.23,3.56,2.98,3.11,1.14,2,3.34,4.23,4.2
195811,3.92,2.92,3.07,2.86,2,2.13,2.16,5.18,3.23,4.52
195812,7.45,2.45,4.46,5.22,9.14,3.89,2.57,4.06,4.33,3.32
195901,-0.66,-1.18,0.67,2.33,2.9,3.99,3.35,4.47,4.93,4.03
195902,3.69,-2.14,-1.44,3.07,1.24,1.73,1.68,3.63,1.79,1.36
195903,1.84,-0.75,1,0.73,-0.93,0.76,1.54,0.39,0.93,-0.13
195904,6.19,4.86,1.28,1.93,3.18,0.93,3.6,3.75,1.21,5.14
195905,3.75,2.15,1.29,-0.77,1.62,0.05,-0.04,2.85,2.02,4.16
195906,-1,0.58,-0.53,1.76,-0.13,0.64,-0.95,1.56,2.24,2.6
195907,4.67,2.85,3.48,3.01,1.59,3.43,2.91,3.83,2.12,2.98
195908,-1.66,-1,-1.09,-1.32,0.22,-1.71,-3.83,-1.22,-0.6,0.04
195909,-4.72,-4.75,-5.92,-3.13,-2.4,-5.15,-5.63,-5.6,-6.13,-3.21
195910,1.47,1.03,1.89,2.47,1.33,2.65,0.98,1.08,0.95,-1.35
195911,4.57,3.06,-0.17,0.46,-0.39,1.24,-0.78,-0.4,1.12,-0.25
195912,3.31,2.17,3,2.52,2.38,2.17,3.28,3.94,3.11,3.81
196001,-9.03,-8.27,-6.25,-6.71,-1.4,-6.71,-5.84,-5.17,-4.56,-5.07
196002,1.94,3.12,-1.52,0.25,4.97,1.08,-1.71,-0.45,-1.12,-0.84
196003,-0.3,-0.81,-2.29,-0.28,-1.01,-2.25,-3.31,-3.23,-5.19,-7.24
196004,-0.9,-1.08,-3.41,-0.77,-1.25,-3.37,-2,-2.63,-3.01,-3.67
196005,5.65,3.41,2.15,2.72,1.64,1.74,-0.04,-0.04,1.29,0.23
196006,2.06,3.47,2.88,1.8,1.35,2.27,3.22,2.77,1.19,3.08
196007,-4.21,-3.46,-1.44,-1.9,0.35,-0.49,-0.22,-1.38,-0.53,-2.89
196008,2.38,3.29,3.28,3,4.68,3.3,4.95,3.51,2.97,1.19
196009,-7.18,-6.66,-5.69,-4.98,-4.24,-3.92,-5.18,-5.65,-4.5,-6.67
196010,-1.44,0.77,-0.25,-0.17,0.13,-0.87,-1.02,0.16,0.81,-0.8
196011,5.17,6.57,5.05,5.34,2.89,5.18,5.82,3.46,4.74,2.19
196012,3.12,4.5,3.85,5.72,8.82,6.13,2.76,4.47,3.16,2.38
196101,4.9,3.37,6.7,7.17,7.7,8.55,8.73,9.16,10.76,9.74
196102,3.51,5.09,4.66,5.41,0.93,3.95,4.81,5,3.07,4.56
196103,2.17,2.74,2.01,3.94,4.87,1.55,4.15,2.65,2.11,5.09
196104,-0.23,-1.71,0.94,-0.9,1.92,2.15,-0.35,1.88,4.85,-1.43
196105,2.02,6.54,3,3.55,0.42,1.46,4.74,3.69,2.38,4.04
196106,-1.61,-2.26,-4.25,-3.69,-3.11,-2.95,-3.79,-3.32,-3.17,-4.32
196107,1.8,1.53,5.08,3.46,3.08,3.85,1.81,0.62,0.71,2.66
196108,4.3,3.33,1.89,3.34,2.23,0.17,1.42,1.45,0.02,5.01
196109,-0.63,-1.93,-1.67,-2.56,-2.93,-3.81,-2.33,-5.38,-4.53,0.03
196110,3.12,4.18,0.62,4.69,2.44,5.06,2.17,4.35,1.04,0.83
196111,3.12,4.86,7,4.49,4.58,4.11,2.72,4.74,4.05,3.81
196112,-1.39,-2.55,1.81,-2.53,1.09,2.62,0.79,3.19,0.68,-0.91
196201,-6.58,-3.08,-3.81,-3.09,-4.04,0.82,-0.41,-0.05,0.85,2.15
196202,1.35,3.04,1.99,1.83,2.21,3.04,1.48,3.05,3.37,0.02
196203,0.14,0.1,-1.04,0.04,0.08,-0.9,-0.78,-1.23,-0.67,-3.93
196204,-8.47,-5.37,-5.15,-5.29,-7.06,-4.98,-5.77,-6.64,-6.57,-5.18
196205,-11,-9.4,-7.12,-8.67,-7.82,-4.71,-7.34,-6.18,-8.06,-7.18
196206,-11.07,-8.29,-7.23,-7.96,-8.01,-5.58,-6.1,-6.25,-7.34,-7.03
196207,10.71,5.45,5.66,6.81,5.86,4.08,2.62,3.7,3.04,5.78
196208,2.83,2.98,2.44,2.21,1.49,1.37,1.08,2.39,1.6,3.65
196209,-7,-2.93,-4.01,-5.01,-4.25,-4.33,-6.2,-4.34,-3.57,-6.42
196210,0.09,1.61,-0.26,1.1,0.46,0.05,-0.42,-0.62,-0.91,1.34
196211,13.16,8.72,11.62,8.21,10.18,12.3,12.04,12.29,14.17,15.73
196212,0.94,1.49,2.31,2.36,1.72,1.97,-1.99,0.52,0.72,-0.6
196301,4.44,6.54,4.18,4.4,3.74,4.21,7.17,8.25,7.28,7.49
196302,-3.55,-2.78,-1.29,-1.88,-2.4,-1.35,-1.39,-1.54,-0.18,-0.57
196303,2.54,4.75,3.06,2.47,4.12,3.94,3.28,5.11,4.23,4.31
196304,5.3,3.95,5.64,2.88,4.44,6.55,5.05,4,5.83,7.41
196305,2.38,3.98,-0.22,0.08,1.57,2.04,3.62,2.91,2.32,7.25
196306,-3.23,-2.6,-0.13,-1.65,-1.31,-0.93,-2.75,-1.82,0.42,-0.26
196307,-0.68,0.88,-0.2,0.81,0.42,-0.14,0.08,-2.27,-0.48,-3.33
196308,5.95,5.42,4.6,3.88,4.7,5.31,5.8,9.03,5.54,7.62
196309,-1.05,-2.23,-0.08,-2.31,-1.15,-0.75,-1.14,-0.44,-2.78,-2.82
196310,3.58,6.3,1.62,1.62,0.29,1.68,1.36,4.16,1.24,0.62
196311,0.01,-2.96,1.97,-1.22,-2.25,-0.17,-2.08,-0.46,1.2,0.83
196312,2.58,1.97,1.31,3.48,2.68,0.64,3.42,0.94,1.63,3.53
196401,3.33,2.01,2.4,3.83,2.19,1.11,1.97,3.21,2.46,2.85
196402,2.24,1.31,0.5,1.03,1.75,1.67,3.46,4.84,3.47,6.01
196403,1.11,1.29,0.31,2.23,3.98,4.37,3.07,6.04,1.57,2.25
196404,-1.6,2.08,1.32,1.11,0.87,1.23,1.16,-3.7,0.94,-0.05
196405,2.16,1.66,0.5,0.63,1.44,1.08,2.33,4.63,2.96,4.18
196406,0.6,1.46,3.24,1.81,0.75,0.88,1.14,2.34,1.89,3.22
196407,2.18,3.25,0.46,1.82,2.11,4.61,1.24,3.03,1.39,2.25
196408,-1.33,-1.17,-1.11,-1.6,0.7,-0.62,-0.73,-0.68,-1.05,-3.34
196409,3.38,2.3,0.64,2.66,4.24,4.14,3.73,4.68,5.4,5.94
196410,-0.42,2.55,-0.02,2.49,0.93,0.86,2.21,-0.26,2.76,3.96
196411,0.53,2.18,-0.89,0.86,1.38,0.52,0.47,-2.45,-3.04,-3.43
196412,1.42,-0.71,1.91,0.16,0.57,-2.41,-0.13,-2.68,-0.41,-2.52
196501,5.83,2.54,1.72,2.01,2.72,4.59,4.01,4.67,4.69,6.51
196502,0.49,0.06,1.5,-0.86,1.59,1.11,0.46,1.31,-0.19,2.75
196503,-1.06,-1.63,-0.68,-2.32,-1.38,-0.96,-0.27,0.27,0.51,1.56
196504,5.3,1.96,2.17,1.98,2.06,3.79,3.55,2.12,6.06,2.33
196505,-0.81,-0.51,1.01,0.41,-0.72,-0.2,0.31,-1.5,-2.69,-2.64
196506,-5.17,-3.43,-4.66,-3.78,-6.72,-5.49,-6.77,-3.84,-6.97,-7.44
196507,2.03,0.61,0.5,0.54,2.04,2.68,4.24,2.13,4.28,6.52
196508,3.62,2.96,1.55,2.11,4.32,3.89,2.57,2.32,3.18,4.15
196509,3.87,3.91,3.37,2.01,2.93,1.61,3.89,3.98,3.15,4.11
196510,3.73,2.09,1.43,0.61,2.56,4.11,4.91,4.69,5.83,6.74
196511,0.11,-0.1,0.31,-1.88,2.27,1.82,1.39,0.26,-0.05,3.71
196512,1.12,1.17,0.16,0.17,0.44,3.13,2.15,4.32,4.14,4.23
196601,0.01,-0.41,-0.18,0.1,0.95,4.14,3.75,4.88,2.87,8.68
196602,-0.57,-2.15,-3.11,-0.65,-0.94,-0.25,0.22,-0.97,0.22,2.54
196603,-1.06,-2.04,-2.23,-3.77,-2.54,-0.73,-2.35,-2.65,-2.17,-6.42
196604,2.27,2.53,3.14,1.31,1.91,1.92,4.67,3.29,1.98,3.06
196605,-4.41,-4.36,-4.05,-4.67,-6.58,-4.86,-7.6,-7.77,-6.69,-10.33
196606,-1.37,-3,-2.27,-0.44,-0.24,-0.01,1.44,0.3,-0.23,-0.42
196607,-1.75,-1.28,-1.91,-1.02,-0.17,-1.38,0.46,-0.53,-0.45,-2.38
196608,-7.37,-8.17,-8.43,-8.62,-7.67,-5.05,-7.15,-6.94,-8.23,-9.28
196609,-1.91,0.31,0.13,0.32,0.1,0.57,-0.89,0.23,-1.37,-1.41
196610,1.89,4.31,5.26,3.67,7.25,8.53,5.37,4.74,4.36,3.16
196611,5.24,1.62,2.3,2.44,-1.59,-1.83,0.01,-0.09,-0.2,0.51
196612,-1.22,1.97,0.08,1.38,0.56,2.23,1.66,-0.48,0.88,-0.09
196701,8.67,7.41,7.9,8.02,4.91,7.32,8.58,12.11,13.77,15.6
196702,2.81,1.19,0.91,1.05,-1.03,-0.19,0.34,-0.3,-0.59,0.64
196703,4.64,4.15,3.79,2.93,3.63,3.72,5.19,5.49,6.56,4.6
196704,8.15,3.17,2.59,3.87,0.93,0.77,3.59,4.19,2.34,2.56
196705,-5.88,-3.15,-3.42,-2.94,-3.03,-4.19,-3.36,-1.65,-3.68,-1.75
196706,2.29,0.94,1.15,2.32,1.6,2.69,3.4,6.22,4.95,4.53
196707,4.53,4.69,6.04,4.89,1.1,6.34,6.33,7.67,10.06,6.68
196708,-1.03,-0.15,-0.82,-1.23,-1.2,-1.04,1.65,-0.77,2.12,1.28
196709,5.19,1.92,3.83,1.73,3.85,2.25,3.02,4.02,2.24,0.39
196710,1.39,-4.64,-3.22,-5.51,-1.72,-4.88,-4.22,-4.22,-3.36,-7.02
196711,1.63,1.29,-0.03,1.61,0.37,-0.5,-0.13,-0.52,-1.22,0.57
196712,1.67,3.57,2.88,4.38,2.66,3.49,5.58,6.16,5.66,4.1
196801,-8.63,-2.31,-4.82,-4.07,-0.01,0.59,-1.89,1.41,-0.95,-0.41
196802,-3.65,-3.25,-3.42,-1.62,-2.11,-2.9,-3.58,-4.82,-4,-2.9
196803,3.71,0.96,-0.92,-1.47,-0.18,-1.27,-0.51,-1.4,1.31,0.19
196804,12.29,9.78,8.07,7.78,3.68,6.74,10.62,12.23,12.67,12.17
196805,3.98,1.14,2.19,2.1,-0.26,1.99,1.07,5.83,5.56,7.06
196806,-1.2,1.75,0.39,3.17,3.11,4.73,2.43,3,-0.47,-1.42
196807,-5.65,-4.82,-2.03,-1.7,-2.46,2.74,0.04,0.53,2.27,-1.69
196808,1.34,1.55,1.1,0.75,2.03,2.3,1.48,2.03,4.75,2.48
196809,1.8,4.82,6.18,5,3.9,2.6,7.43,3.3,7,7.62
196810,-3.09,1.39,2.01,1.34,2.79,1.64,1.44,4.13,0.55,2.22
196811,7.46,5.11,3.21,5.47,5.56,6.62,5.07,5.73,8.36,3.24
196812,-4.58,-4.7,-3.77,-3.82,-2.81,-3.47,-1.43,-3.72,-2.72,-1.95
196901,-2.82,-1.14,-0.57,-0.25,0.16,0.77,-0.86,-0.14,-0.56,2.07
196902,-4.44,-4.65,-4.53,-4.86,-6.17,-4.75,-7.23,-4.14,-6.9,-7.08
196903,4.15,4.11,2.84,1.14,2.82,3.8,2.01,1.84,7.04,1.66
196904,3.57,3.33,1.58,0.32,1.44,0.73,-0.31,3.77,2.66,-0.27
196905,-0.28,-0.61,0.54,-0.02,1.27,0.97,0.83,1.56,0.28,-0.93
196906,-1.68,-5.98,-7,-7.68,-6.8,-8.69,-9.42,-6.25,-9.74,-8.33
196907,-4.59,-6.95,-5.75,-9.24,-6.44,-7.95,-8,-6.35,-6.01,-6.58
196908,7.18,8.08,4.94,5.35,3.04,5.38,4.44,3.78,2.51,1.84
196909,-0.39,-0.14,-1.31,-3.53,-1.14,-5.39,-3.92,-5.18,-4.35,-4.07
196910,6.92,6.99,5.77,5.74,5.63,5.22,3.33,3.66,4.39,4.14
196911,-1.29,-3.99,-3.77,-4.18,-3.49,-3.94,-4.26,-5.8,-1.71,-5.79
196912,1.33,-2.85,-1.57,-3.67,-1.95,-1.48,-2.41,-2.98,-5.38,-4.99
197001,-8.66,-7.07,-6.87,-7.86,-6.8,-10.2,-8.17,-7.69,-4.69,-2.95
197002,3.02,4.74,3.79,7.48,8.53,7.52,6.32,7.99,7.75,7.96
197003,-3.03,-2.74,0.14,-1.55,3.5,-0.09,1.68,-0.13,1.63,1.12
197004,-11.9,-13.3,-8.97,-12.71,-9.71,-9.07,-9.09,-6.55,-8.65,-8.28
197005,-8.33,-10.46,-6.27,-7.8,-6.67,-4.23,-1.09,-3.77,-4.25,-6.79
197006,-7.01,-4.64,-3.68,-4.74,-4.35,-3.07,-2.08,-4,-8.07,-8.49
197007,2.47,9.45,8.03,8.03,8.6,10.54,10.79,8.09,10.03,5.09
197008,4.59,3.63,3.84,7.27,5.08,5.41,3.86,5.49,6.81,6.1
197009,8.76,7.09,6.83,0.74,1.02,2.61,-0.21,2.95,5.51,7.29
197010,-0.42,-1.75,-2.16,-2.17,-3.84,-0.8,-1.65,-1.63,-4.12,-4.97
197011,4.39,5.6,4.79,5.85,5.1,4.98,5.54,6.87,4.61,4.54
197012,4.54,5.92,8.08,6.4,7.74,6.18,7.79,4.93,6.43,8.85
197101,4.26,5.39,7.5,4.41,5.08,0.9,7.15,4.52,9.1,7.77
197102,2.47,3.06,1.87,0.66,1.7,2.61,-2.09,2.52,1.06,1.97
197103,6.74,5.25,5.81,3.06,5.12,4.44,1.03,1.75,3.18,3.24
197104,3.02,4.76,5.51,4.38,1.77,1.22,2.82,3.24,5.38,7.8
197105,-2.97,-1.81,-4.33,-4.04,-4.15,-4.16,-4.81,-5.34,-3.8,-4.21
197106,1.4,0.69,0.92,-1.63,0.34,0.38,0.25,0.89,-2.99,-0.52
197107,-4.63,-3.38,-5.27,-3.17,-2.88,-4.6,-3.89,-3.84,-5.3,-6.69
197108,4.77,6.69,5.38,3.97,-0.87,0.69,2.18,4.09,9.23,12.27
197109,0.99,-0.13,-0.33,-1.49,-0.34,-2.28,-1.03,-1.75,-1.52,-4.13
197110,-3.01,-4.7,-5.68,-4.43,-3.39,-3.28,-3.24,-4.4,-4.15,-6.26
197111,1.09,0.48,-0.09,-0.07,-0.57,-0.97,-0.55,-1.63,-1.63,-3.12
197112,9.8,7.89,10.14,9.38,8.57,9.97,7.36,9.09,10.67,11.33
197201,4.07,1.32,2.56,1.12,0.53,0.34,1.59,3.55,7.6,9.35
197202,5.16,4.05,2.96,2.02,0.8,2.05,0.5,1.84,0.49,1.81
197203,2.16,2.91,0.65,0.75,-2.51,-1.73,-1.39,-0.13,1.36,0.59
197204,1.12,0.08,0.52,1.09,-0.44,0.23,0.09,1.42,1.21,0.1
197205,4.24,1.55,0.05,-2.19,2.44,1.01,1.23,-1.66,-1.4,-2.43
197206,-0.27,-2.22,-1.99,-3.78,-2.73,-2.64,-2,-4.97,-5.89,-5.86
197207,1.44,-1.11,-1.8,-2.26,-1.44,-0.27,-1.89,-0.87,-1.94,-2.11
197208,0.25,1.75,4.74,5.73,5.52,6.34,8.39,7.22,6.15,4.94
197209,0.5,-2.14,-2.62,-1.47,-1.75,-1.48,-0.14,1.53,-3.48,-3.85
197210,0.34,1.35,-0.43,2.09,0.24,2.87,2.51,1.95,0.39,-0.87
197211,1.41,4.32,6.95,5.76,7.26,6.41,6.51,8.48,9.54,12.47
197212,3.82,1.47,-0.74,0.08,-2.21,0.15,-1.64,0.35,-2.84,-3.12
197301,-1.25,-5.66,-5.18,-4.67,-5.76,-0.38,-0.1,-0.51,-3.85,-4.48
197302,-2.38,-5.26,-4.37,-4.68,-5.66,-4.9,-5.67,-5.53,-4.19,-3.75
197303,-1.34,-0.88,-2.2,-1.21,-1.73,1.89,0.94,1.04,-0.83,2.33
197304,-6.47,-6.63,-5.16,-4.02,-4.48,-1.26,-2.29,-0.87,-3.39,-4.6
197305,0.12,-3.34,-3.88,-2.03,-2.3,-1.6,-4.39,-2.7,-5.98,-6.59
197306,-0.39,-2.57,-1.98,-0.06,-2.13,0.84,-1.74,-0.43,-2.14,-2.84
197307,5.86,10.27,7.11,7.64,2.15,0.96,2.01,4.62,7.17,6.68
197308,-3.76,-2.63,-2.69,-2.45,-3.24,-4.15,-2.98,-2.15,-0.92,-0.35
197309,-0.38,8.32,7.73,9.7,8.56,9.76,9.22,7.84,8.71,9.71
197310,0.23,-0.81,-1.72,0.81,0.8,-0.24,-2.47,-1.36,0.51,4.33
197311,-11.36,-16,-15.79,-12.7,-11.05,-13.27,-6.76,-12.03,-14.03,-10.57
197312,-2.36,0.21,0.38,1.24,5.67,7.2,5.29,0.78,5.16,8.27
197401,-1.71,-0.88,4.16,0.13,-2.02,0.79,0.67,8.08,5.07,5.72
197402,-1.82,0.04,0.42,2.19,-0.26,-0.19,2.75,1.52,3.81,2.72
197403,-1.73,-1.21,-2.44,-3.98,-2.85,-2.48,-3.35,-2.15,-2.55,-2.76
197404,-3.15,-4.43,-4.92,-6.34,-5.06,-5.25,-6.76,-4.59,-5.96,-1.42
197405,-0.58,-3.74,-4.63,-5.97,-5.25,-6.55,-4.29,-4.26,-7.32,-7.94
197406,-1.54,-2.1,-4.43,-1.46,-2.25,-1.61,-1.72,-4.9,-1.18,0.71
197407,-11.95,-6.9,-2.74,-6.29,-4.34,-1.04,-3.66,-2.81,-3.55,-1.66
197408,-9.72,-11.21,-9.74,-6.07,-4.5,-7.77,-7.52,-7.24,-7.67,-6.32
197409,-16.49,-8.76,-9.79,-8.58,-5.31,-5.02,-4.39,-7.08,-6.73,-8.36
197410,23.02,19.55,17.08,8.89,12.96,10.18,9.85,9.45,5.21,8.96
197411,-4.89,-3.22,-2.45,-3.65,-4.76,-0.68,-3.02,-3.74,-4.14,-6.7
197412,-4.48,-2.6,-0.95,-0.52,0.62,-2.75,-2.13,-3.35,-2.98,-8.35
197501,10.4,9.94,14.48,18.51,15.97,18.43,22.19,22.7,22.28,30.59
197502,11.29,4.23,3.3,2.2,3.75,2.25,2.19,3.77,0.17,3.63
197503,3.41,2.46,2.75,3.71,-0.17,3.13,4.38,8.35,7.78,5.02
197504,4.85,8.16,5.6,3.18,1.52,2.02,2.47,7.35,3.59,4.85
197505,4.64,7.33,7.99,8.35,5.03,4.9,4.51,1.61,3.41,4.68
197506,3.01,6.13,6.88,7.45,5.25,6.35,7.87,7.87,7.55,5.06
197507,-8.81,-5.87,-5.37,-2.27,-3.98,-4.71,-5.09,-3.5,-3.83,-3.87
197508,-2.98,-1.06,-2.24,-2.54,-2.48,-2.66,0.2,-2.74,-3.5,-7.44
197509,-4.63,-4.37,-1.87,-1.81,-3.03,-2.41,-4.39,-2.67,-4.24,-4.81
197510,7.54,5.27,4.73,6.81,4.25,5.29,5.63,5.88,4.85,1.33
197511,3.55,2.49,2.16,3.08,3,4.43,3.91,4.29,3.8,4.69
197512,-2.81,-2.04,0.77,0.43,0.26,0.14,0.16,-0.24,0.66,0.51
197601,11.31,11.42,9.7,13.08,14.61,16.61,18.24,18.81,20.36,26.5
197602,-3.06,1.18,1.25,3.73,1,3.95,2.53,4.83,8.48,13.15
197603,3.05,2.03,3.01,3.24,2.83,1.27,2.85,1.22,2.72,2.67
197604,-2.53,-1.36,0.3,-0.58,1.02,-0.65,0.11,-1.18,-1.86,-1.25
197605,-1.55,-0.45,1.11,-1.75,-0.96,-1.27,-2.86,-1.98,-1.47,-2.12
197606,5.25,2.73,4.56,3.48,5.2,6.98,5.39,6.11,3.71,4.78
197607,-1.5,-1.87,0.22,0.27,0.73,-0.58,0.62,-0.48,1.31,1.72
197608,-0.19,-1.54,0.04,0.6,2.41,-0.58,-0.35,-1.2,0.1,-2.16
197609,1.53,2.28,3.94,3.43,2.8,3.76,2.32,4.46,1.41,0.25
197610,-2.95,-1.51,-2.33,-1.61,-0.4,-1.84,-1.77,-2.82,-2.09,-4.22
197611,-1.75,1.41,0.37,2.49,2.77,1.63,3.2,1.44,4.2,3.74
197612,3.69,5.96,7.11,8.12,5.71,7.37,7.94,9.37,8.43,9.95
197701,-7.91,-5.03,-2.55,-2.91,-1.07,-0.27,0.07,-0.07,1.81,2.67
197702,-1.54,-1.46,-2.88,-2.53,-0.62,-1.49,-1.96,-0.92,-0.95,-2.06
197703,-1.54,-1.44,-1.67,-0.02,-1.05,-0.35,0.25,-0.59,2.18,0.34
197704,-2.91,0.47,1.73,2.5,1.81,1.08,2.61,3.82,4.27,2.34
197705,-2.24,-1.71,-0.66,-0.79,1.1,-0.82,-0.87,-0.63,-0.98,-0.6
197706,6.94,4.57,4.51,4.76,2.62,5.34,4.72,5.67,5.12,6.41
197707,-0.91,-1.54,-2.33,-2.3,-0.83,-0.75,0.67,-1.57,-2.25,-2.59
197708,1.7,-0.29,-2.08,-3.33,-2.43,-2.38,-4.52,-2.23,-2.38,-3.41
197709,-1.06,0.45,-0.71,0.19,0.78,2.41,1.04,-0.46,0.22,-0.54
197710,-4.08,-4.71,-4.33,-3.3,-4.05,-4.37,-2.56,-2.11,-2.61,-4.09
197711,3.88,4.77,4.7,4.43,5.4,3.21,4.08,4.51,6.19,8.87
197712,0.99,-0.77,0.77,1.38,0.7,1.5,-0.11,1.42,1.35,0.83
197801,-5.82,-6.61,-7.09,-6.44,-5.56,-4.6,-4.69,-3.54,-2.53,-0.3
197802,-3.07,-1.44,-1.18,-0.71,0.78,2.3,0.06,-0.39,-0.62,-0.23
197803,1.09,3.49,4.55,4.28,4.44,3.61,3.66,3.85,5.77,6.62
197804,12.08,10.37,9.21,7.06,7.89,3.91,4.57,6.77,7.14,6.84
197805,2.52,1.9,2.6,2.15,1.68,1.07,1.67,2.21,3.55,5.95
197806,-0.5,-2.26,-2.14,-2.13,-1.49,-1.03,-0.1,-1.73,0.53,-1.11
197807,7.42,6.98,5.43,4.95,5.21,3.19,3.93,5.53,4.9,8.47
197808,4.12,3.55,4.79,4.4,5.04,4.66,4.83,3.02,3.96,4.64
197809,-3.52,-2.5,-0.23,-0.62,1.53,1.33,0.59,-0.19,0.1,-0.7
197810,-10.09,-12.49,-12.2,-11.56,-10.42,-8.02,-11.84,-10.72,-14.07,-18.62
197811,3.57,3.25,3.62,2.74,4.14,3.52,3.06,3.4,3.36,3.21
197812,4.95,0.35,1.74,0.84,1.42,0.09,1.38,-0.08,0.67,-0.12
197901,2.43,4.84,5.13,5.89,5.04,4.71,6.69,6.38,6.9,11.28
197902,-3.94,-4.1,-2.34,-3.21,-3.06,-1.6,-1.92,-2.48,-2.41,-3.32
197903,5.49,6.86,7.43,6.26,7.58,3.85,6.79,7,7.45,10.37
197904,0.22,0.85,0.27,1.49,0.94,-0.34,1.75,1.43,1.49,0.6
197905,-1.98,-2.14,-1.56,-0.82,-1.54,-1.01,-1.48,-1,-1.28,-1.25
197906,1.98,4.56,5.21,5.18,6.59,4.12,6.57,6.57,4.08,6.83
197907,-0.65,1.87,1.98,2.56,1.99,1.92,1.56,2.31,3.09,4.19
197908,6.71,7.3,7.08,7.34,5.68,4.3,6.26,4.71,6.59,6.47
197909,-1.51,-0.59,0.71,0.34,1.24,0.79,0.28,-1.01,-0.61,-0.72
197910,-6.95,-6.75,-7.44,-4.85,-6.92,-6.5,-8.15,-8.23,-7.86,-11.72
197911,7.22,6.18,7.78,6.94,3.83,5.84,7.9,5.77,4.84,2.15
197912,2.58,4.02,4.65,3.03,0.57,0.86,2.55,0.75,2.83,5.69
198001,3.51,6.46,6.99,7.81,8.05,4.21,6.49,5.89,7.27,12.88
198002,-3.44,-3.71,-0.94,1.9,2.82,1.56,-0.71,-0.72,0.52,-0.49
198003,-9.2,-9.31,-12.92,-11.81,-12.29,-9.57,-11.88,-11.79,-13.59,-18
198004,3.46,4.43,4.65,3.71,4.37,7.25,7.79,8.24,6.23,1.89
198005,5.56,6.03,6.6,5.19,6.47,5.48,5.14,5.65,8.22,6.69
198006,2.9,3.71,3.77,5.18,3.59,1.59,5.37,3.49,2.02,2.69
198007,12.09,10.86,6.23,7.52,3.9,6,6.09,1.66,3.61,8.33
198008,4.2,2.78,1.47,2.52,0.96,2.87,1.04,2.82,0.64,1.61
198009,4.08,3.9,4.88,5.98,4.52,1.11,0.48,-1.41,0.87,-0.26
198010,3.17,-0.44,3.48,4.32,4.32,2.72,-0.9,-1.15,0.53,1.28
198011,11.96,10.93,12.11,15.6,17.96,10.19,3.05,5.82,3.74,1.7
198012,-1.03,-2.33,-4.62,-6.17,-5.23,-3.79,-1.15,-0.9,-0.56,-1.01
198101,-6.99,-4.09,-5.47,-7.51,-6.49,-2.41,-0.69,1.41,1.96,2.43
198102,1.51,3.71,2.4,1.49,1.39,-0.5,3.39,1.76,0.47,2.35
198103,4.89,4.76,3.15,5.61,1.45,3.9,6.14,3.95,5.53,10.26
198104,-0.57,-2.36,-2.33,-3.66,-3.28,1.18,1.13,2.54,0.68,0.08
198105,3.4,1.05,-0.87,-0.99,-1.39,0.42,2.2,3.57,1.96,2.36
198106,-6.09,-3.08,-0.59,2.36,1.82,3.24,0.3,0.06,1.17,-0.48
198107,0.78,0.92,0.82,3.02,-2.42,-1.67,-2.6,-1.9,0,-2.33
198108,-9.05,-5.23,-7.73,-5.45,-5.91,-4.69,-5.86,-4.49,-0.74,-4.48
198109,-9.24,-5.91,-5.47,-7.76,-6.69,-5.7,-3.1,-2.38,-0.32,-4.94
198110,11.43,6.54,7.7,7.2,3.21,4.89,1.73,4.75,4.96,3.62
198111,0.36,5.18,5.41,5.47,4.67,4.58,5.52,4.26,3.67,5.47
198112,-3.79,-2.2,-3.31,-2.63,-3,-2.85,-1.3,-2.96,-1.7,-2.63
198201,-3.91,-0.84,-2.34,-5.5,-3.46,-2.84,-2.18,-0.51,1.33,-1.12
198202,-9.55,-5.7,-7.49,-5.76,-2.88,-2.69,-1.5,-0.84,-3.11,-0.07
198203,-3.91,-2.56,0.84,-1.21,-1.56,-0.02,1.28,2,1.81,1.68
198204,6.1,6.83,4.18,4.55,3.17,4.21,3.35,3.76,1.45,4.41
198205,-5.06,-3.29,-2.13,-2.07,-1.84,-2.35,-3.08,-3.25,-1.24,-2.37
198206,-4.6,-2.16,-1.39,-1.49,-0.65,-0.9,-1.93,-1.23,-2.47,-0.47
198207,-1.91,1.13,-2.01,-4.69,-3.38,-3.75,-3.12,-1.41,-1.81,-2.05
198208,11.28,10.39,11.08,12.14,11.2,13.02,12.77,13.35,12.01,11.26
198209,1.57,2.55,2.03,2.87,3.15,2.3,1.24,0.34,1.18,0.89
198210,15.25,11.08,13.56,10.11,9.9,12.43,12.92,10.56,7.33,12.68
198211,8.99,6.59,6.74,3.26,3.14,2.87,3.14,4.31,3.86,7.6
198212,-0.31,3.99,-0.41,1.12,1.75,0.62,1.15,-0.22,3.81,4.35
198301,4.95,2.9,3.37,3.84,2.63,5.02,3.04,7.53,2.87,4.09
198302,3.46,3.08,4.95,2.64,3.25,4.48,1.73,2.06,3.27,5.42
198303,2.04,3.24,2.19,4.56,5.43,3.64,5.29,3.25,3.08,4.85
198304,5.62,7.4,4.91,8.12,8.12,8.83,10.09,7.25,5.59,9.85
198305,3.07,0.3,-0.54,1.63,-0.3,2.94,-0.49,-0.38,2.43,1.51
198306,5.77,5.89,4.11,6.88,4.61,1.72,2.12,0.61,0.03,4.17
198307,-5.14,-5.14,-5.79,-3.57,-2.73,-2.48,-0.85,0.16,-1.97,0.03
198308,-2.73,-0.4,-1.89,-0.73,-0.78,0.23,2.66,3.71,4.63,6.2
198309,2.39,2.57,1.36,3.06,2.56,1.95,-0.64,1.18,1.8,0.1
198310,-5.77,-2.8,-3.61,-2.22,0.46,-2.98,-1.41,0.05,-1.04,-0.74
198311,1.82,4.31,4.16,1.77,2.58,4.43,2.08,2.87,1.91,1.55
198312,-1.2,-1.42,-0.31,-0.22,-1.82,-2.21,0.17,-1.98,0.53,0.01
198401,-6.65,-4.97,-2.55,-0.14,-1.97,3.06,1.31,1.06,5.26,4.3
198402,-5.25,-3.68,-6.28,-6.1,-4.47,-4.71,-2.55,-2.8,-2.67,2.86
198403,0.96,1.67,1.76,3.23,0.64,0.59,2.11,1.38,-0.49,1.68
198404,0.37,0.66,-0.55,0.35,1.11,0.39,-1.1,2.18,1.67,0.03
198405,-5.41,-4.77,-4.37,-2.92,-6.37,-5.42,-3.38,-5.07,-6.24,-5.8
198406,3.84,4.32,5.63,4.38,2.31,1.47,-0.85,0.32,5.82,-1.13
198407,-1.19,-2.32,-2.63,-2.65,-1.86,-0.3,-3.67,-2.98,-2.47,-1.24
198408,12.67,10.77,10.42,11.73,10.84,10.35,12.12,10.51,12.61,10.5
198409,-3.55,-1.83,-1.05,-1.32,-0.6,0.69,0.45,2.49,3.45,3.91
198410,-0.76,0.72,1.38,1.55,0.21,1.59,-1.01,-0.29,-1.68,1.3
198411,-4.18,-1.77,-0.92,-1.13,-1.73,-0.98,-1,0.3,1.04,1.99
198412,2.53,2.94,2.21,2.51,1.66,2.84,2.83,2.14,1.97,2.8
198501,12.8,8.84,10.46,8.82,8.55,7.8,8.58,6.48,5.48,5.55
198502,0.93,1.54,2.98,1.14,1.74,1.87,2.63,2.35,2.84,0.9
198503,-3.47,-0.68,0.49,-0.9,0.59,-1.38,-0.58,2.03,2.03,2.51
198504,-2.19,-1.03,-2.3,-2.39,-0.02,-1.31,1.3,1.37,2.44,2.09
198505,5.01,6.4,6.3,7.11,8.81,6.21,4.82,5.29,5.12,4.27
198506,0.42,1.92,2.8,2.18,1.39,2.08,2.28,0.68,1.88,2.67
198507,1.01,0.32,0.21,0.62,-0.16,-0.43,-1.48,-0.95,-2.38,0.71
198508,-1.84,-1.88,-0.76,0.63,-0.01,-0.31,-0.43,1.14,0.86,0.09
198509,-4.44,-4.83,-3.62,-1.56,-3.76,-3.13,-3.15,-4.71,-4.13,-4.27
198510,3.63,4.08,4.06,4.71,4.68,4.61,6.11,4.39,6.14,4.81
198511,9.14,9.67,7.28,8.27,7.75,7.36,4.35,4.67,5.58,3.98
198512,6.05,6.06,4.32,3.73,5.55,2.92,2.95,4.03,5.05,3.21
198601,0.2,1.46,1.73,1.17,0.07,3.25,-1.28,1.06,1.55,2.63
198602,6.36,8.87,9.27,9.96,7.03,9.01,6.96,6.52,6.6,7.91
198603,5.3,5.96,7.07,6.38,5.25,6.02,5.45,3.68,5.65,3.15
198604,2.36,-0.79,0.43,-0.87,-0.27,-2.82,-1.42,-3.22,-2.3,-3.8
198605,4.94,5.68,4.69,6.01,4.41,4.4,6.76,4.59,5.99,3.13
198606,1.59,2.03,0.8,2.04,1.19,0.97,0.65,2.21,4.19,-0.55
198607,-8.06,-7.74,-6.97,-6.39,-5.96,-6.09,-4.44,-1.92,-2.01,-5.94
198608,3.04,5.18,5.1,7.1,4.99,7.2,11.76,7.25,9.18,11.2
198609,-11.23,-8.6,-9.95,-8.07,-7.83,-5.91,-6.4,-8.46,-8.46,-2.33
198610,7.44,3.14,6.74,5.31,6.3,4.25,4.11,5.1,5.86,4.16
198611,1.04,2.8,1.54,1.38,2.53,0.94,1.78,1.5,1.66,0.87
198612,-2,-2.65,-2.78,-2.05,-4,-3.77,-2.52,-2.97,-3.72,-1.29
198701,13.6,13.3,14.65,15.2,10.97,10.6,14.51,9.15,12.48,10.42
198702,9.04,7.65,5.81,7.81,2.15,6.73,0.86,0.87,0.41,0.04
198703,1.07,1.79,2.3,2.08,1.32,0.29,4.59,0.5,1.64,6.89
198704,-3.55,-0.41,-2.09,-0.96,-2.97,-1.99,0.38,-3.39,-0.12,-1.91
198705,1.4,1.78,-0.21,-0.36,0.3,-0.7,0.15,1.07,0.01,1.56
198706,4.45,4.03,4.63,4.1,6.57,4.11,5.37,3.98,4.53,5.42
198707,4.89,5.42,5.25,1.81,7.24,3.64,2.35,4.07,2.85,5.49
198708,3.7,5.39,4.34,5.09,4.01,3.07,4.59,3.78,3.28,0.85
198709,-3.87,-0.54,-1.24,-5.19,-0.44,-0.87,-1.32,-3.13,-2.42,-1.63
198710,-22.71,-24.84,-25.65,-23.53,-23.67,-22.84,-15.81,-19.03,-19.14,-23.94
198711,-9.53,-8.32,-7.41,-7.36,-8.81,-5.23,-7.94,-4.5,-8.37,-2.24
198712,8.71,9.54,9.39,6.96,8.13,7.73,4.04,3,6,5.45
198801,1.95,2.16,2.12,2.79,7.16,3.16,8.63,7.54,9.73,5.07
198802,5.31,5.81,6.24,6.88,5.94,5.1,2.62,3.56,2.63,6.19
198803,-2.09,-3.95,-0.51,-3.73,-2.51,-1.09,-2.06,-3.54,0.53,0.54
198804,-1.2,0.28,-0.24,2.36,0.71,2.6,2.41,0.59,2.53,1.47
198805,-0.43,-0.44,-0.01,-0.3,-0.02,-1.16,2.19,2.21,1.58,1.8
198806,4.74,5.25,5.44,8.5,5.9,5.82,3.32,4.09,2.89,6.55
198807,-1.43,-1.79,-1.71,-1.19,0.31,-0.35,0.36,-0.16,0.75,0.36
198808,-2.73,-3.57,-2.56,-5.77,-2.37,-1.66,-1.26,-0.78,-1.79,-1.92
198809,4.92,5.26,3.72,4.76,1.01,4.15,3.72,3.17,3.65,3.94
198810,-0.13,2,5.22,2.45,0.99,1.84,1.5,2.07,2.14,4.63
198811,-2.14,-2.04,-1.23,-1.9,-2.02,-2.85,-0.88,-0.85,-0.87,0.03
198812,3.04,2.74,2.91,2.15,2.56,1.33,1.03,1.33,1.12,0.38
198901,6.52,7.47,6.07,6.81,6.54,5.64,6.34,5.81,7.35,8.03
198902,-1.63,-3.1,-0.96,-2.41,-2.43,-1,-0.95,-0.93,-1.12,-0.96
198903,2.82,2.08,2.74,-0.55,3.38,3.58,1.18,3.58,1.85,2.21
198904,5.99,6.15,5.15,4.5,3.08,6.73,4.84,3.77,4.53,3.78
198905,5.04,4.32,5.25,1.87,4.03,4.21,4.59,3.95,4.01,3.83
198906,-1.94,-0.18,-1.61,-0.33,-0.27,-1.38,0.57,-0.86,0,3.21
198907,10.44,9.3,9.93,7.14,5.46,6.96,8.05,5.7,6.18,5.55
198908,0.34,1.79,2,3.27,3.07,3.18,2.19,2.43,2.78,1.93
198909,2.21,-0.64,-0.43,-2.13,0.02,-1.08,0.31,0.64,-0.22,-0.66
198910,-0.93,-1.3,-3.34,-4.82,-3.49,-4.68,-3.14,-3.53,-1.21,-3.68
198911,2.25,1.05,2.89,1.37,2.57,1.13,1.47,0.75,1.15,0.64
198912,0.84,0.99,2.71,-1.56,3.53,2.93,4.04,3.75,0.55,1.71
199001,-7.98,-7.58,-7.4,-4.02,-6.58,-8.25,-6.88,-7.9,-6.39,-7.67
199002,0.36,1.01,0.65,4.09,2.21,2.31,0.31,2.71,3.04,1.23
199003,4.49,3.5,4.41,2.84,0.52,1.51,1.74,0.24,1.65,-0.85
199004,-0.17,-1.23,-2.28,-1.21,-3.23,-4.92,-4.5,-4.24,-3.93,-5.99
199005,13.08,8.35,9.4,11.68,8.05,7.45,6.09,6.56,8.52,5.33
199006,2.69,2.41,-1.53,-1.86,-1.53,-2.69,-2.69,-2.85,-0.5,0.26
199007,-1.2,-1.81,-1.87,-1.28,2.11,-1.04,-2.73,-1.37,-2.11,-3.54
199008,-8.81,-10.51,-11.86,-9.3,-7.51,-7.74,-9.53,-9.51,-9.87,-11.89
199009,-6.41,-4.54,-7.21,-3.77,-3.17,-2.98,-8.37,-5.29,-6.28,-9.97
199010,0.51,0.46,-1.73,-3.06,-0.52,-3.84,-2.57,0.95,0.15,-3.36
199011,8.06,5.63,8.54,6.54,6.19,6.93,8.24,5.49,5.38,3.57
199012,3.52,3.54,4.45,2.92,2.43,1.68,3.53,2.42,2.53,0.01
199101,5.98,6.04,7.93,3.21,1.33,5.41,6.66,5.03,3.93,6.9
199102,8.37,8.53,7.28,8.5,5.79,6.26,7.31,7.16,7.53,9.52
199103,5.32,4.31,2.37,2.38,2.73,-1.13,2.23,3.92,3.3,1.61
199104,0.09,-0.77,-0.43,0.69,1.31,-0.29,1.9,1.06,0.52,-0.63
199105,4.59,3.71,5.99,3.25,2.01,3.3,4.22,3.9,3.6,9.41
199106,-4.32,-5.04,-5.91,-4.43,-3.21,-4.95,-4.53,-3.42,-3.61,-4.89
199107,7.38,3.63,2.66,3.57,4.44,3.82,4.71,4.44,3.59,2.8
199108,4.38,3.3,1.41,0.94,2.03,3.72,2.8,1.73,4.63,1
199109,-1.81,-1.29,-2.99,0.36,-1.33,0.07,1.77,-1.27,-1.61,-3.19
199110,2.28,0.41,1.24,0.75,1.64,2.16,4.35,1.32,3.02,1.31
199111,-0.12,-5.13,-6.22,-4.7,-4.91,-4.83,-2.5,-4.56,-6.47,-7.3
199112,15.67,12.63,11.82,6.77,8.47,7.95,7.91,6.7,11.7,10.14
199201,-2.98,0.51,-0.16,-1.44,-0.63,0.31,0.57,2.69,5.41,12.9
199202,-0.31,1.15,1.44,-0.5,1.94,2.49,1.69,5.66,5.83,11.86
199203,-3.44,-3.61,-1.45,-2.1,0.32,-1.89,-0.8,-1.16,-1.92,0.49
199204,-1.56,0.56,2.2,5.58,3.86,2.79,2.63,1.77,2.71,6.68
199205,1.07,0.63,0.25,0.4,-0.36,1.84,0.67,0.2,1.55,0.95
199206,-3.48,-2.57,-1.15,-0.65,-2.27,-2.04,-1.08,-0.01,-0.93,1.34
199207,4.91,4.45,2.31,5.68,4.92,2.71,5.08,4.12,3.23,-1.03
199208,-1.05,-1.17,-2.44,-3.73,-0.86,-2,-2.65,-2.3,-3.77,-9.19
199209,0.16,2.83,4.07,2.04,0.69,0.87,0.62,1.88,1.62,-0.58
199210,2.28,3.63,2.24,0.97,-0.8,-2.94,0.99,0.8,1.82,1.05
199211,4.19,6.21,5.79,4.62,2.13,1.88,3.68,2.86,5.49,8.42
199212,-0.61,1.26,3.87,2.84,3.2,-0.49,3.51,3.73,3.55,3.99
199301,-2.69,0.42,1.95,1.04,1.06,1.95,3.3,3.52,5.48,9.85
199302,-4.2,-3.02,0.95,2.46,3.89,4.42,3.98,3.63,2.88,1.04
199303,0.81,2.14,3.49,3.84,3.01,3.17,1.98,2.22,2.05,5.12
199304,-5.99,-4.86,-2.85,-1.52,-0.61,-1.04,-0.76,-2.41,-1.95,0.96
199305,4.42,3.34,4.58,4.46,1.74,2.28,1.66,0.89,1.85,0.63
199306,-2.06,-1.24,1.66,-0.01,1.17,1.43,1.94,2.55,3.16,4.17
199307,-3.3,-2.01,0.37,-0.55,2.48,0.98,1.61,2.06,0.16,1.73
199308,3.37,4.68,2.72,4.12,3.78,4.32,4.08,4.18,4.77,2.2
199309,-0.36,-0.56,-0.84,-0.42,-0.05,1.64,2.11,-0.3,-0.33,0.94
199310,4.21,4.73,0.97,1.59,-0.16,-0.83,-0.05,-0.69,-0.25,0.76
199311,0.93,0,-2.13,-2.07,-2.45,-1.99,-4.07,-3.14,-0.56,-3.17
199312,0.54,1.89,2.69,4,1.55,1.91,1.3,2.42,2.19,2.15
199401,1.09,2.9,3.71,5.25,4.19,3.35,4.47,0.82,2.77,5.36
199402,-1.67,-1.65,-1.77,-0.38,-2.78,-2.76,-4.23,-4.44,-4.33,-2.39
199403,-5.24,-5.11,-4,-4.8,-3.4,-4.16,-3.96,-3.54,-2.39,-5.96
199404,0.59,0.72,0.08,1.16,1.66,2.47,1.58,1.4,1.61,2.1
199405,0.52,0.28,2.43,-0.04,2.67,1.02,0.6,-1.68,1.88,0.42
199406,-3.81,-2.95,-2.82,-2.23,-2.51,-1.58,-1.15,-1.83,-3.71,-1.74
199407,2.3,3.69,2.38,3.4,2.27,4.9,3.69,4.14,2.56,1.53
199408,6.15,5.57,3.73,4.09,2.02,2.89,3.56,3.51,4.42,3.05
199409,-0.26,-1.89,-2.32,-3.53,-3.15,-1.5,-2.56,-3.71,-3.93,-1.94
199410,2.33,1.91,0.91,3.21,0.48,4.27,1.32,0.43,0.12,-0.48
199411,-2.51,-2.71,-5.71,-3.89,-4.25,-2.26,-3.68,-5.35,-3.71,-3.97
199412,0.82,2.57,1.15,1.31,1.35,0.8,2,0.66,0.75,0.71
199501,1.41,2.78,1.7,1.03,2.55,2.77,2.4,4.42,5.06,2.53
199502,3.46,4.04,4.3,4.98,4.31,2.67,3.13,4.26,6.3,4.94
199503,2.98,2.58,3.57,3.73,2.52,3.7,1.45,0,0.88,1.39
199504,1.71,2.81,2.44,3.38,1.33,3.83,2.14,2.3,3.81,5.91
199505,3.4,3.48,1.76,3.1,3.55,3.95,4.81,5.37,4.75,4.64
199506,4.6,3.63,2.3,3.63,0.65,1.41,2.32,1.98,3.07,2.49
199507,4.17,3.91,4.3,4.67,4.27,3.88,2.86,4.09,3.79,4.02
199508,0.39,-0.28,0.38,1.25,0.38,1.27,2.38,3.61,3.7,4.59
199509,5.25,4.45,2.1,3.34,2.16,4.37,3.19,4.22,4.68,4.17
199510,0.33,-1.63,1.15,-3.73,0.17,-1.23,-3.26,-2.37,-3.26,-2.75
199511,4.67,5.07,1.39,4.85,3.88,5.65,4.23,5.44,4.53,4.38
199512,-0.05,2.08,0.94,2,3.66,2.73,0.87,1.34,1.54,1.85
199601,3.16,3.5,1.31,2.9,2.86,2.51,1.67,2.73,2.86,2.16
199602,1.39,1.88,3.47,1.34,1.51,1.85,0.87,1.6,2.43,1.18
199603,0.16,0.55,1.16,3.51,0.58,2.44,2.93,0.96,1.97,0.66
199604,2.76,2.35,4.62,3.1,2.16,1.1,1.88,-1.04,-0.04,1.55
199605,4.3,3.31,2.56,0.7,0.89,1.58,2.36,3.06,2.88,3.54
199606,0.05,-0.41,-1.33,-1.77,-0.76,0.32,-1.81,0.59,-0.66,0.3
199607,-6.51,-5.71,-6.69,-4.18,-3.37,-4.89,-4.67,-3.22,-4.92,-5.33
199608,1.82,2.75,3.88,3.33,4.03,5.22,3.39,3.26,3.08,5.24
199609,7.13,6.82,4.53,4.41,3.99,2.19,4.77,2.62,3.53,4.49
199610,-0.35,1.43,-0.37,1.53,3.13,5.44,4.5,3.79,3.77,2.03
199611,6.86,6.57,7.12,6.15,7.98,6.7,7.47,7.81,5.45,7.14
199612,-1.62,-2.12,-0.53,-0.03,-1.66,-1.49,-1.43,-0.72,0.6,0.18
199701,7.15,6.27,4.51,5.03,5.13,3.72,3.38,4.8,3.4,5.36
199702,-0.36,0.08,-1.46,-1.47,-1.04,1.59,1.85,2.83,3.29,3.99
199703,-7.31,-3.73,-4.31,0.4,-3.38,-4.12,-4.94,-4.96,-3.9,-3.82
199704,7.6,5.46,1.79,2.54,5.61,3.68,2.91,4.91,1.04,0.17
199705,8.18,5.5,8.89,6.9,7.11,5.26,5.94,5.72,8.02,5.72
199706,4.32,4.54,3.58,2.31,5.63,4.53,4.69,4.26,5.34,4.26
199707,7.03,7.35,8.8,8.2,9.2,9.48,5.92,7.44,6.94,6.46
199708,-5.88,-5.44,-2.35,-2.42,-2.88,-3.09,-3.89,-0.27,-1.55,-1.21
199709,4.57,6.12,5.67,5.69,6.03,7.57,6.48,6.18,6.31,8.15
199710,-2.53,-4.52,-4.13,-4.42,-3.06,-3.46,-1.47,-2.65,-3.03,-2.73
199711,4.05,5.2,4.78,1.16,2.32,2.15,4.03,3.34,2.84,1.36
199712,0.35,1.53,1.68,1.12,3,3.22,3.82,5.84,3.17,1.61
199801,3.78,2.03,0.06,-1.4,-3.03,-2.71,-0.43,-1.51,-0.64,1.74
199802,8.02,5.62,7.03,7.81,8.62,8.88,7.41,6.52,6.62,7.86
199803,4.34,6.32,4.15,3.83,5.92,4.36,6.76,6.83,5.62,7.91
199804,0.94,1.05,0.39,3.55,1.18,0.86,1.16,3.14,0.6,-0.57
199805,-2.9,-3.12,-0.75,-3.85,-3.37,-0.93,-1.66,0.54,-3.19,0
199806,7.92,3.51,1.97,0.27,2.79,-0.17,3.41,3.63,-0.42,1.62
199807,-1.45,1.49,-4.25,-2.02,-3.51,-3.39,-2.46,-6.13,-4.22,-5.08
199808,-13.62,-14.6,-14.9,-20.45,-17.28,-17.54,-17.54,-12.59,-13.8,-16.56
199809,8.34,8.78,5.3,2.65,4.47,3.68,3.48,4.79,7.23,6.49
199810,6.25,10.41,8.69,8.22,7.26,7.73,7.83,5.73,2.63,3.73
199811,7.4,7.72,5.28,6.73,4.16,6.13,5.21,3.72,5.01,5.32
199812,8.88,9.32,4.08,1.69,1.22,5.69,3.27,3.3,3.19,5.15
199901,5.64,5.95,0.86,2.07,-0.79,0.69,2.62,-1.85,-0.56,0.75
199902,-4.63,-5.27,-3.12,-1.05,-0.96,-1.84,-3.34,-1.81,-3.02,-4.26
199903,5.41,2.13,1.67,4.31,4.35,2.13,3.8,0.37,-0.9,2.48
199904,-0.58,5.21,9.19,9.06,9.21,6.64,5.32,9.45,5.68,4.8
199905,-3.36,-1.54,-0.3,-2.46,-0.95,0.13,1.4,-0.73,3.27,1.7
199906,6.88,7.28,4.76,2.4,2.93,4.43,1.94,0.18,2.56,3.33
199907,-3.3,-1.6,-3.53,-4,-5.03,-1.71,-1.79,-2.46,-3.23,-2.55
199908,1.99,-3.72,-2.45,-3.19,-3.3,-3.07,-3.97,-2.33,-3.34,-4.25
199909,-1.65,-1.59,-2.14,-4.19,-4,-6.5,-7.44,-4.88,-4.71,-1.87
199910,7.01,4.15,7.97,9.14,5.72,4.97,3.87,0.77,1.1,1.07
199911,4.68,5.12,2.4,-1.22,-2.11,-1.91,-3.53,2.09,2.77,2.51
199912,10.21,4.85,7.33,3.2,0.1,0.01,2.41,6.17,2.94,4.73
200001,-5.51,-2.34,-4.15,-3.04,-4.28,-3.47,-4.52,-3.78,-6.06,-1.73
200002,3,2.44,-2.78,-2.14,-3.85,-4.39,-4.09,6.67,2,3.37
200003,7.71,6.18,11.09,7.13,9.09,9.97,11.6,4.15,7.77,7.4
200004,-5.52,-2.56,-3.46,-2.68,-1.28,1.71,1.15,-1.17,-0.99,-5.76
200005,-3.87,-3.95,-1.54,-1.81,2.77,1.84,-1.27,-1.03,1.09,-0.43
200006,8.55,-0.17,-2.54,-2.42,-3.95,-3.68,-4.79,1.83,1.44,3.08
200007,-4.95,0.92,-0.95,1.8,4.27,4.44,4.23,4.73,4.07,-0.1
200008,8.25,6.89,6,6.66,9.38,8.46,5.65,7.31,6.87,5.23
200009,-8.24,-1.12,-3.18,-1.14,0.75,2.5,6.66,2.63,-0.04,-2.3
200010,-3.96,0.95,0.45,3.04,-4.44,0.82,-0.39,1.23,0.17,2.76
200011,-13.1,-6.77,-6.82,-3.8,-6.77,-0.07,0.73,-0.64,0.98,-3.54
200012,-2.8,2.86,7.11,9.75,7.34,10.04,9.18,11.19,7.37,5.72
200101,4.67,1.46,4.38,2.12,9.14,-4.05,-2.65,-2.36,4.6,7.89
200102,-14.77,-6.91,-3.64,-2.05,-2.73,1.63,2.89,0.35,1.14,2.21
200103,-10.69,-4.92,-3.35,-1.47,-0.97,-0.37,-2.62,-1.47,-1.12,-1.45
200104,11.12,6.26,6.51,5.57,4.64,3.93,4.74,3.41,5.81,7.22
200105,-0.33,1.34,2.21,0.92,3.81,3.45,2.18,5.12,5.43,5.37
200106,-1.65,-1.77,-3.94,-0.81,0.38,0.33,-1.17,-0.66,1.41,0.56
200107,-1.88,-2.46,-0.84,-1.03,-1.83,-1.51,-2.45,-2.69,3.96,-0.66
200108,-7.16,-7.63,-3.58,-4.66,-3.03,-2.72,-4.55,-6.67,-5.85,-4.86
200109,-7.44,-8.91,-11.62,-11.72,-8.46,-7.93,-12.11,-13.17,-4.52,-16.51
200110,4.36,3.39,0.27,1.75,0.38,-0.74,4.01,1.44,-7.8,4.08
200111,8.38,6.79,9.55,7.7,6.08,4.73,9.3,12.12,10.24,10.5
200112,-0.54,1.94,4.39,2.09,4.16,4.83,2.78,3.85,3.07,6.2
200201,-1.37,-0.75,-0.5,-3.52,0.91,-0.67,-1.27,2.01,-3.89,-0.93
200202,-2.53,-3.34,-0.49,0.99,0.32,0.63,-3.36,-1.72,-6.06,-4.25
200203,2.44,4.78,6.53,6.21,6.16,3.6,8.5,7.4,4.32,10.31
200204,-8.1,-7.01,-2.19,-1.91,1.57,1.16,-1.32,-0.06,-9.54,2.92
200205,-2.27,-0.64,-0.87,0.43,-1.53,-0.07,0.33,-1.31,-4.47,-1.39
200206,-8.57,-6.42,-5.61,-4.96,-4.11,-7.4,-5.58,-9.43,-7.77,-5.23
200207,-4.8,-8.19,-10,-10.61,-6.53,-12.2,-10.33,-12.49,-15.26,-16.69
200208,0.34,-1.13,0.39,1.2,1.91,1.09,2.11,4.58,4.86,4.07
200209,-9.66,-12.84,-10.17,-10.83,-7.95,-12.04,-9.45,-7.82,-8.31,-13.1
200210,10.26,9.82,7.67,4.1,6.63,0.6,4.23,5.21,7.48,5.59
200211,4.91,6.58,6.3,7.98,3.65,8.78,5.73,6.86,9.21,10.1
200212,-6.87,-5.83,-5.37,-7.07,-3.62,-2.72,-1.62,-5.54,-7.89,-2.29
200301,-2.74,-2.72,-3.31,-2.02,-0.73,-2.75,-3.09,-5,-4.42,-2.61
200302,-0.3,-3.17,-2.41,-2.34,-2.16,-2.84,-2.1,-4.09,-3.77,-5.88
200303,3.29,-0.96,0.85,-0.3,0.57,1.12,0.28,-0.3,-2.38,-0.05
200304,6.94,9.04,9.07,9.02,8.54,10.05,8.04,10.06,13.52,6.81
200305,2.99,8.62,7.21,8.48,6.68,9.58,7.45,8.69,8.19,11.2
200306,1.32,0.96,2.21,1.69,1.59,1.48,0.69,-0.98,3.62,6.86
200307,0.62,2.99,4.43,4.17,1.75,3.08,2.89,1.21,3.52,3.35
200308,0.83,4.74,1.6,0.46,4.34,1.27,2.67,4.15,4.19,7.46
200309,-0.07,-2.4,-1.95,-0.41,-0.9,-1.43,0.42,-3.38,-1.79,0.87
200310,3.52,6.25,9.07,6.52,6.4,9.16,7.46,7.98,6.61,9.39
200311,0.71,1.38,0.49,1.53,3.7,1.3,0.65,2.57,3.43,5.35
200312,3.88,5.07,4.9,5.17,2.84,4.02,3.91,5.71,3.83,5.56
200401,1.28,2.17,1.16,0.79,4.57,2.74,3.37,2.06,6.77,6.76
200402,1.78,0.07,0.92,2.43,3.13,1.81,-0.01,2.11,3.5,-0.16
200403,-1.67,-2.53,-0.36,-0.36,-0.69,-0.93,-0.65,-0.1,0.05,-1.73
200404,1.11,-1.36,-2.63,-3.64,-3.69,-4.99,-1.25,-4.26,-3.83,-5.7
200405,0.51,2.24,1.45,1.33,0.05,2.57,1.05,0.34,1.39,2.83
200406,0.84,2.83,1.28,2.26,1.91,0.54,3.78,2.59,3.17,5.24
200407,-6.5,-4.01,-1.21,-2.59,-2.09,-2.83,-3.64,-3.51,-2.17,-2.01
200408,-0.81,-0.14,0.12,1.62,1.25,0.22,1.35,0.21,0.21,-1.18
200409,0.43,0.94,2.97,0.83,4.02,2.74,2.58,1.98,3.46,3.8
200410,1.67,1.48,1.91,0.67,1.72,3.44,-0.79,2.95,2.44,0.3
200411,3.01,4.69,4.94,5.07,5.01,7.55,3.63,6.25,6.67,8.25
200412,4.66,2.95,2.24,3.14,2.99,2.73,4.93,4.35,2.66,4.93
200501,-3.38,-3.02,-3.21,-1.66,-3.39,-0.54,-0.8,-3.25,-0.77,-0.78
200502,0.91,1.28,6.18,1.97,1.84,3.43,0.78,1.71,3.67,5.95
200503,-1.14,-1.62,-1.84,-4.63,-1.51,-0.78,-1.65,0.61,-1.01,-0.11
200504,-1.93,-1.52,-2.86,-2.3,-3.49,-3.92,-2.11,-2.37,-2.83,-4.2
200505,4.12,4.51,2.13,3.99,3,3.62,2.77,3.86,4.48,5.79
200506,-1.09,-1.18,1.51,1.53,3.4,1.98,2.02,2.64,3.15,4.71
200507,4.89,4.78,4.46,3.21,2.33,3.71,3.01,4.11,4.01,5.85
200508,-1.8,-1.68,-0.09,-2.16,0.28,-0.89,-0.65,1.54,-0.3,-1.86
200509,0.58,-0.93,2,-0.08,2.3,1.61,0.6,1.6,2.33,0.34
200510,-1.08,-0.1,-3.82,-2.78,-3.02,-1,-0.63,-2.89,-1.35,-2.74
200511,3.62,4.41,4.63,3.89,4.21,3.38,3.75,3.49,3.06,2.19
200512,-0.92,-0.42,-0.76,1.41,1.09,0.92,1.09,0.41,-0.34,0
200601,1.7,2.19,3.19,5.89,3.31,3.84,3.77,5.72,4.32,5.33
200602,-0.07,0.22,-0.84,1.56,-1.09,1.47,0.93,-1.15,-0.31,-1.16
200603,1.78,0.99,3.24,1.43,2.34,2.05,0.49,2.69,1.4,3.34
200604,-0.07,-0.82,1.18,1.81,1.9,1.15,3.73,0.82,4.94,2.22
200605,-3.12,-3.6,-2.94,-4.01,-2.91,-2.27,-2.82,-1.02,-3.08,-1.99
200606,0.09,0.4,-1.29,0,-0.42,1.46,-0.27,0.84,0.64,0.77
200607,-2.68,-1.1,0.81,-1.04,-0.22,1.87,1.92,-0.33,1.45,-1.9
200608,3.64,3.43,2.72,2.85,3.04,1.22,1.34,0.09,0.28,3.68
200609,2.89,1.8,2.71,2.3,1.12,2.6,2.64,1.16,3.01,2.32
200610,4.44,3.27,2.88,2.23,3.41,3.26,3.9,4.41,4.58,3.32
200611,1.95,1.11,3.01,2.66,1.85,2.52,2.03,2.56,1.66,1.43
200612,-0.84,0.7,1.24,0.54,3.44,1.94,1.55,3.23,2.83,2.53
200701,2.79,2.39,0.28,2.52,1.52,1.19,1.64,0.29,2.05,3.13
200702,-2.36,-1.71,-1.35,-0.21,-1.97,-2.44,-0.86,-1.08,-2.11,0.2
200703,1.23,0.54,0.99,1.32,1.7,2.22,1.63,0.57,0.19,1.1
200704,4.46,5.82,3.49,4.42,4.02,3.72,1.96,3,3.65,3.57
200705,3.37,2.98,3.69,4.74,3.55,4.86,2.74,3.8,2.64,3.27
200706,-2.02,-1.14,0.3,-1.81,-2.3,-1.66,-3,-2.24,-3.14,2.36
200707,-0.59,-2.34,-1.98,-2.76,-5.64,-2.5,-5.98,-5.47,-5.74,-6.44
200708,1.7,1.64,1.32,3.24,1.72,1.12,2.16,0.81,0.26,-1.9
200709,5.28,4.5,4.48,1.55,2.67,2.21,1.91,2.21,2.26,3.68
200710,6.16,2.22,0.46,3.96,1.12,1.33,-1.06,2.56,0.46,-2.19
200711,-5.23,-2.29,-2.53,-4.32,-6.5,-4.73,-7.06,-3.54,-5.41,-6.89
200712,0.04,-0.39,-0.9,-0.28,-1.42,-0.16,-1.45,-1.79,-0.21,1.28
200801,-9.17,-6.99,-4.91,-6.9,-3.57,-6.16,-3.47,-3.06,-2.65,-7.3
200802,-5.16,0.37,-2.19,-1.21,-4.96,-1.77,-5.83,-3.39,-3.99,-6.92
200803,0.89,-1.26,2.82,0.14,-2.97,-3.31,-2.57,-3.21,-1.2,3.71
200804,4.4,4.9,1.3,3.97,6.87,7.16,5.01,3.61,6.1,3.77
200805,3.06,3.13,0.62,2.01,0.09,4.54,-1.6,1.86,1.76,3.15
200806,-8.26,-4.5,-9.44,-8.42,-7.97,-8.26,-13.45,-10.96,-8.8,-12.82
200807,-1.57,-1.17,0.05,-3.02,0.54,-4.43,-3.6,7.99,5.75,1.56
200808,1.26,1.14,2.43,0.75,2.64,2.04,-1.15,1.33,2.04,6.25
200809,-11.29,-9.13,-8.78,-10.32,-7.72,-7.72,-15.48,-0.59,-4.66,-9.45
200810,-15.47,-16.51,-15.23,-17.36,-13.84,-17.87,-24.13,-24.85,-15.49,-23.79
200811,-9.89,-3.18,-6.27,-5.29,-4.91,-10.42,-8.53,-15.56,-15.64,-16.74
200812,1.73,2.05,1.61,2.65,2.37,-0.61,0.31,0.15,4.73,3.99
200901,-3.83,-3.98,-9.33,-7.86,-11.69,-8.08,-8.16,-21.87,-13.93,-22.78
200902,-5.22,-9.38,-9.51,-10.62,-10.68,-13.61,-14,-19.21,-12.76,-16.53
200903,9.42,7.53,8.25,8.27,9.45,9.27,8,14.34,10.8,14.38
200904,9.69,6.2,9.44,7.35,11.88,12.83,14.22,15.73,16.94,24.93
200905,5.3,4.25,3.98,7.2,4.15,5.52,7.41,5.06,5.82,6.45
200906,2.98,0.99,-0.99,-0.81,0.59,-1.23,-2.72,1.63,-0.83,-1.3
200907,5.57,6.88,8.73,8.99,8.91,6.76,8.92,10.2,11.31,10.74
200908,0.99,1.46,3.49,3.78,2.22,4.36,6.28,6.5,7.36,18.14
200909,4.23,3.6,2.23,5.28,3.93,3.39,6.91,4.4,7.95,2.03
200910,-0.43,-0.5,-1.75,-2.88,-1.85,-4.32,-4.76,-4.66,-6.12,-12.16
200911,6.46,6.84,5.58,5.04,3.41,3.5,5.74,3.45,2.97,6.15
200912,2.5,0.8,4.3,1.91,3.56,7.19,3.48,3.98,2.95,1.44
201001,-4.04,-4.3,-4.38,-2.85,-0.23,-3.37,-1.26,-5.91,-3.84,-0.72
201002,2.63,3.05,3.97,1.69,4.35,3.23,4.3,5.09,4.47,8.87
201003,4.94,5.98,4.86,7.48,4.47,8.78,6.93,6.03,8.65,10.31
201004,0.89,0.95,1.37,4.44,1.2,3.05,2.83,2.52,2.02,4.85
201005,-7.92,-6.33,-8.05,-8.05,-8.1,-9.08,-8.48,-8.24,-7.47,-10
201006,-4.1,-4.12,-6.04,-6.78,-2.35,-6.83,-8.03,-7.5,-8.93,-11.92
201007,6.91,7.53,5.36,6.8,5.59,8.85,9.32,6.03,6.88,4.75
201008,-3.58,-4.51,-5.05,-3.79,-4.39,-1.28,-8.75,-5.03,-6.19,-10.22
201009,10.99,10.5,8.79,9.87,8.45,8.92,10.51,6.37,8.64,8.16
201010,5.09,4.42,4,4.19,4.3,3.44,3.65,1.21,3.19,-1.61
201011,0.4,-0.45,2.79,2,0.02,-0.21,1.62,0.51,-1.11,-1.54
201012,5.06,4.92,5.28,7.58,6.28,7.56,10.22,8.11,7.97,15.81
201101,0.86,1.96,3.57,2.65,0.98,2.11,3.65,2.84,1.92,2.33
201102,2.89,2.17,2.98,5.27,3.65,5.34,3.19,5.36,6.06,2.38
201103,1.57,-0.14,-0.98,2.16,1.62,2.45,-0.34,-0.71,-0.27,-2.69
201104,3.61,3.66,4.03,3.24,2.97,3.18,0.73,1.03,2.94,-0.29
201105,0.2,-0.8,-1.67,-1.67,-1.07,-1,-2.33,-3.2,-1.33,-4.22
201106,-0.8,-1.79,-2.05,-1.35,-2.26,-1.79,-1.83,-1.61,-2.06,-3.36
201107,0.93,-3.27,-1.57,-2.95,-2.33,-1.92,-4.78,-2.83,-3.3,-6.6
201108,-4.16,-5.76,-3.19,-7.7,-6.23,-8.65,-3.57,-5.13,-9.05,-13.31
201109,-5.76,-8.91,-5.57,-6.77,-6.76,-9.85,-6.45,-6.27,-11.38,-15.32
201110,9.46,12.01,9.47,13.46,12.05,14.4,9.05,10.59,13.35,15.57
201111,-0.46,-0.81,0.75,1.06,1.99,-0.8,1.05,0.95,-3.18,-7.1
201112,-0.74,-1.18,1.59,0.4,1.24,3.41,3.06,2.05,2.13,-1.5
201201,8.06,6.85,1.03,5.14,3.62,3.37,1.4,2.91,6.56,11.37
201202,6.57,2.75,3.4,3.09,2.06,4.81,4.24,4.86,5.35,7.51
201203,4.62,2.63,3.07,1.06,1.09,0.91,2.46,3.77,5.25,7.24
201204,-0.04,-0.66,-1.33,0.01,-0.28,-1.32,0.12,-0.71,-2.1,-5.87
201205,-6.22,-6.93,-3.08,-7.74,-6.39,-5.93,-3.05,-3.55,-10.34,-11.4
201206,3.12,2.18,3.83,4.47,3.94,5.8,4.33,5,4.43,6.45
201207,0.84,0.7,1.84,2.15,-0.15,2.1,0.24,1.08,-2.54,-1.34
201208,2.78,1.93,2.57,2.87,3.33,0.54,0.56,2.2,4.51,6.65
201209,1.92,1.98,2.01,3.01,2.45,4.19,3.17,3.3,3.16,5.82
201210,-4.87,-1.49,-0.8,-1.78,-1.22,-2.97,-0.31,-0.38,-1.34,4.2
201211,1.49,1.37,0.36,1.6,0.06,-0.28,-0.59,0.74,0.71,-1.53
201212,-1.63,0.55,1.13,0.45,1.99,1.46,2.26,3.05,3.63,7.44
201301,2.38,6.06,5.74,6.05,6.39,5.37,6.92,7,6.92,7.66
201302,0.81,1.28,2.14,-0.07,1.41,2.02,2.57,1.67,1.7,0.82
201303,3.56,4.52,3.4,3.66,4.45,3.25,5.65,4.16,5.03,3.55
201304,1.28,2.65,1.07,0.96,2.4,0.24,0.76,1.52,1.37,2.34
201305,1.33,2.1,3.08,2.42,1.96,1.35,1.47,5.42,4.17,9.33
201306,-2.74,-1.54,-0.58,-0.71,-0.46,0.28,-0.16,-0.8,-1.7,-2.39
201307,6.43,6.6,4.22,4.78,4.46,5.71,5.8,5.31,6.39,7.9
201308,-2.3,-0.76,-2.17,-2.69,-3.73,-3.29,-3.1,-4.16,-4.63,-4.02
201309,5.69,3.69,3.19,3.09,3.46,3.3,4.07,2.85,3.06,2.7
201310,3.39,5.12,3.55,5.05,4.24,5.12,3.92,3.27,4.78,3.41
201311,3.15,3.22,3.9,2.78,0.67,2.87,1.44,2.45,4.43,7.01
201312,2.35,2.85,1.21,4.48,3.07,3.84,2.74,2.22,2.57,1.39
201401,-2.99,-4.01,-2.53,-2.93,-1.69,-4.93,-4.91,-3.74,-4.11,-3.7
201402,5.47,5.08,4.26,6.07,2.82,4.25,4.95,4.29,3.34,2.83
201403,-3.24,-0.42,1.53,-0.95,2.09,1.77,1.62,5.1,4.18,2.74
201404,-1.54,2.01,-0.36,-0.15,0.78,0.86,1.32,0.77,-1.71,-2.69
201405,2.27,3.48,1.19,1.63,2.63,1.81,1.47,1.4,1.52,0.8
201406,2,1.92,1.76,1.94,4.07,1.77,4.69,2.2,3.61,3.83
201407,-1.03,-3.48,-0.99,-2.95,-2.46,-0.27,-3.18,-3.63,-1.68,-2.7
201408,6.06,4.15,4.37,4.73,2.64,2.9,2.7,3.42,5.1,4.73
201409,-1.17,-1.3,-0.92,-2.53,-2.35,-2.15,-4.92,-4.12,-1.86,-1.07
201410,2.55,3.33,3.15,1.69,2.81,2.2,0.19,2.41,2.2,0.79
201411,2.72,4.33,3.77,2.16,1.56,4.24,-0.01,-0.27,0.9,-0.25
201412,-1,-0.3,-1.8,0.75,0.76,-0.5,0.37,2.01,2.23,2.18
201501,0.59,-2.57,-2.73,-2.66,-4.08,-3.63,-3.17,-4.49,-4.87,-10.63
201502,6.62,6.31,6.75,4.77,6.81,6.9,4.82,4.33,4.94,7.59
201503,-0.91,-0.24,-2.07,-0.55,-1.27,-1.74,-1.49,-0.57,-1.32,-0.9
201504,0.23,-1.47,1.01,0.64,-0.24,1.68,2.59,0.92,0.91,2.28
201505,2.18,1.85,0.43,1.62,1.15,1.83,1.76,0.14,1.11,1.76
201506,0.44,-1.56,-3.28,-1.61,-1.87,-1.45,-2.63,-2.68,-1.65,1.8
201507,4.19,1.12,2.89,2.47,0.78,-1.03,-0.73,-0.42,-0.96,-0.63
201508,-6.25,-6.45,-6.74,-5.9,-6.41,-4.17,-4.1,-5.6,-6.51,-6.88
201509,-2.97,-1.85,-2.21,-4.32,-2.76,-2.09,-2.34,-2.53,-4.88,-6.51
201510,8.2,7.61,7.89,9.02,7.95,8.7,5.81,5.21,6.66,7.93
201511,0.58,0.33,1.26,-0.66,-0.45,0.42,1.36,0.55,3.51,2
201512,-0.3,-3.29,-1.23,-1.78,-3.17,-1.55,-4.12,-2.63,-4.91,-4.96
201601,-7.79,-5.78,-2.67,-5.77,-6.66,-3.41,-4.97,-4.03,-10.01,-12.26
201602,-0.07,0.68,-0.53,0.83,1.01,1.28,-1.42,1.68,-3.06,-7.3
201603,6.24,7.32,6.4,6.65,7.68,6.79,7.06,8.3,7.12,9.85
201604,0.84,-1.87,-0.69,-0.96,2.89,2,2.72,2.32,5.55,7.99
201605,1.92,2.08,2.34,1.76,3.69,1.22,0.82,-0.65,2.18,0.91
201606,0.19,-0.32,0.06,-0.57,-0.69,3.69,-0.71,1.55,-4.57,-6.35
201607,3.94,7.14,4.23,3.24,3.72,0.99,1.28,2.44,4.53,5.96
201608,-1.45,0.87,-0.2,0.14,1.28,0.75,0.26,2.78,3.62,6.54
201609,0.05,1.2,0.54,0.03,1.3,0.48,-1.77,-1.02,0.49,-0.04
201610,-3.51,-1.75,-0.67,-3.88,-1.37,-2.19,-1.72,-0.33,1.63,-0.35
201611,2.53,0.44,3.72,5.57,4.01,7.75,6.28,9.65,12.55,19.77
201612,0.99,1.23,2.02,0.46,0.78,2.5,5.03,3.23,3.72,4.03
201701,2.77,4.26,2.93,1.89,0.17,-0.61,0.87,0.74,0.2,-0.43
201702,3.89,5.74,3.22,2.54,4.07,0.76,2.29,3.32,3.33,4.68
201703,0.85,2.19,0.51,0.06,0.11,-0.8,-0.7,-1.24,-3.07,-2.58
201704,2.09,1.73,2.37,1.33,1.89,-0.39,-0.43,-0.51,-0.62,-1.18
201705,2.51,2.92,3.12,0.07,1.33,-0.94,-0.95,-0.83,-2.44,-2.76
201706,0.14,-0.28,0.27,0.94,-0.16,0.88,1.42,2.74,4.27,6.25
201707,2.04,2.76,2.67,1.14,2.28,0.87,2.43,1.68,2.4,1.77
201708,0.51,3.39,-0.24,0.2,0.02,-1.44,-0.47,-0.54,-1.52,-2.61
201709,2.28,0.43,1.6,2,3.86,4.61,2.36,4.68,5.06,6.01
201710,2.85,5.02,1.17,1.29,4.63,-0.84,-0.16,1.43,3.21,4.27
201711,4.3,2.43,3,2.61,4.13,4.45,1.95,3.56,3.31,2.09
201712,1.35,0.51,0.67,1.54,1.97,0.76,-1.24,2.28,0.86,2.03
201801,9.46,5.57,3.19,7.15,5.67,3.97,2.25,4.89,5.04,4.77
201802,-2.63,-0.48,-5.04,-4.43,-4.79,-4.81,-4.84,-5.68,-1.77,-3.78
201803,-2.06,-2.66,-2.05,-4.4,-0.73,-1.67,1.6,-2.3,-2.55,-4.3
201804,0.6,-0.34,1.95,-0.56,0.25,1.04,0.37,1.07,-0.32,1.5
201805,3.53,5.87,2.45,3.11,2.44,1.1,2.48,0.94,0.61,-1.49
201806,1.62,0.24,1.56,0.89,-0.25,0.49,0.84,-0.41,-1.88,-1.42
201807,3.45,1.73,4.75,4.84,3.53,2.87,1.16,4.28,4.45,3.31
201808,6.29,6.37,2.24,2.58,2.28,1.3,0.95,0.71,1.35,1.69
201809,1,0.33,0.06,2.24,-0.52,-1.5,0.1,-2.07,-2,-0.39
201810,-11.07,-6.66,-5.7,-6.75,-6.48,-5.69,-6.92,-4.62,-7.09,-10.13
201811,3.25,-1.73,2.97,2.8,3.78,0.71,1.56,2.86,1.17,0.66
201812,-8.15,-9.21,-7.74,-8.44,-11.61,-9.47,-10.61,-10.98,-12.61,-13.49
201901,8.85,8.26,7.41,6.86,9.23,11.4,7.35,7.32,13.24,11.77
201902,4.52,4,2.42,4.86,4.27,3.31,3.02,1.07,2.32,1.71
201903,2.93,3.15,1.72,1.03,0.5,-0.97,-0.4,-1.51,-3.14,-3.43
201904,4.1,4.44,3.08,3.46,5.23,2.95,2.73,6.79,7.4,6.07
201905,-6.11,-8,-5.06,-7.39,-6.61,-5.08,-8.61,-8.25,-9.46,-7.4
201906,6.69,9.29,5.05,8.48,7.05,6.42,5.78,7.3,7.54,7.13
201907,1.24,2.07,2.14,1.16,1.7,1.01,-0.36,2.21,2.49,0.77
201908,0.29,-1.78,-2.62,-3.28,-4.19,-3.37,-3.63,-4.46,-8.36,-9.92
201909,-1.17,1.74,0.94,3.46,3.2,3.91,4.49,6.13,5.06,6.15
201910,2.16,4.27,1.63,2.62,0.86,3.38,1.1,2.79,2.4,0.62
201911,4.38,4.21,4.76,3.34,2.26,2.67,3.91,1.44,4.71,3.56
201912,2.63,4.21,1.4,2.96,3.11,2.74,2.4,4.11,4.33,5.17
202001,3.45,0.35,-0.07,0.29,-0.62,-2.37,-5.36,-4.83,-4.45,-6.65
202002,-5.94,-8.49,-7.14,-9.46,-9.36,-9.39,-11.12,-9.39,-10.82,-13.76
202003,-8.64,-8.3,-11.34,-15.55,-17.51,-17.04,-20.78,-24.63,-27.01,-35.29
202004,15.15,13.32,14.63,11.43,9.05,12.39,10.93,11.91,16.12,18.96
202005,6,6.59,5.99,6.31,4.42,4.06,0.89,3.4,3.23,4.05
202006,5.78,3.53,-0.29,-1.68,0.74,-1.58,-1.36,0.62,1.6,3.17
202007,8,5.79,6.01,3.92,5.29,3.46,0.28,3.81,2.21,5.56
202008,11.94,5.56,6.69,5.04,2.96,3.02,0.67,6.11,4.57,2.89
202009,-4.98,-1.59,-4.25,-1.75,-0.99,-3.56,-5.08,-3.86,-5,-7.18
202010,-4.45,-2.74,1.33,-1.35,0,1.39,-1.65,0.08,1.4,4.88
202011,10.83,12.36,9.47,13.22,13.47,16.96,16.33,16.43,21.49,21.22
202012,6.2,4.05,1.4,5.56,2.95,5.91,3.72,5.49,8.34,3.88
202101,-1.11,0.61,0.15,-0.68,-2.04,0.75,2.2,0.62,2.9,10.48
202102,-1.04,2.18,3.28,5.84,4.12,11.45,8.94,9.89,13.28,7.92
202103,0.74,2.82,5.26,3.58,6.38,4.02,6.26,7.57,6.47,7.59
202104,6.39,3.91,6.85,2.03,4.5,3.88,2.9,5.21,4.49,2.71
202105,-2.33,0.97,0.43,0.97,1.97,3.56,2.48,4.51,6.45,9.19
202106,7.1,1.97,2.04,-0.24,-1.63,-2.02,-1.22,-3.68,-3.37,-2.87
