,mgr_r
1926-07,-0.010827385247813192
1926-08,0.10956671947087276
1926-09,0.01219114184255347
1926-10,0.0037294904917527212
1926-11,0.03804998676688418
1926-12,0.01238580246700413
1927-01,0.001153305047371998
1927-02,0.05471427826191182
1927-03,-0.02921985922089376
1927-04,0.038136518418153034
1927-05,0.09326374671429352
1927-06,0.007387305271148045
1927-07,0.03272214877304626
1927-08,0.008911148266152526
1927-09,0.05419118024515677
1927-10,-0.0027347963009853237
1927-11,0.04418466290594286
1927-12,0.055634211569660676
1928-01,0.007184864904234733
1928-02,-0.057502713281825706
1928-03,0.023805397183829367
1928-04,-0.028747874534685813
1928-05,-0.003185072437785763
1928-06,-0.045042163210702604
1928-07,0.028685235983037464
1928-08,0.06254628889670179
1928-09,-0.007474497137132871
1928-10,0.02640740298216006
1928-11,0.04504656151779311
1928-12,-0.02006519109708937
1929-01,0.0533899322438223
1929-02,-0.02295179765673059
1929-03,-0.025618191516917962
1929-04,0.0242767663667061
1929-05,-0.02938271838503111
1929-06,0.038014973437651894
1929-07,0.017835666783725418
1929-08,0.07929475860765364
1929-09,-0.043705689038201025
1929-10,-0.0682859406573421
1929-11,-0.053990063056697186
1929-12,0.035535113548193796
1930-01,0.004932341873491326
1930-02,0.026195259758958298
1930-03,-0.01872314519775343
1930-04,-0.05654675183170251
1930-05,-0.001329369171354922
1930-06,-0.12124149969370879
1930-07,0.03243656511097204
1930-08,0.06517048331593348
1930-09,-0.08988254145046623
1930-10,-0.023287267856316456
1930-11,0.0035564102464394768
1930-12,-0.051761782856497615
1931-01,0.0339917588023739
1931-02,0.09685923787554812
1931-03,-0.06122703785416418
1931-04,-0.04204950583544368
1931-05,-0.09213108681909846
1931-06,0.0985451691233523
1931-07,-0.05002415442510847
1931-08,0.010791681806503955
1931-09,-0.17934343967139188
1931-10,0.10224751282129887
1931-11,-0.05567575636427741
1931-12,-0.04852268072022872
1932-01,0.020364728771903665
1932-02,0.06668796950517614
1932-03,-0.06641509715461585
1932-04,-0.07412100322292417
1932-05,-0.18583419557925088
1932-06,0.08461653682712779
1932-07,0.17117752119159707
1932-08,0.2056987586684741
1932-09,-0.006774359855863291
1932-10,-0.1113944260242264
1932-11,-0.06425275508876291
1932-12,0.0200527580685979
1933-01,0.01009728565769398
1933-02,-0.08757071879308341
1933-03,0.12218738236479532
1933-04,0.24691813511050797
1933-05,0.30895063044131293
1933-06,0.1291988291185083
1933-07,-0.05278493368311477
1933-08,0.149277312153241
1933-09,-0.03274311327556363
1933-10,-0.07391331631193657
1933-11,-0.012538041640853717
1933-12,-0.025532382433918154
1934-01,0.08012625610559203
1934-02,-0.045628929135475185
1934-03,0.008049172179045938
1934-04,0.013556649917771075
1934-05,-0.06232286941663123
1934-06,0.007006913191990557
1934-07,-0.08138468738122412
1934-08,0.05210786036120392
1934-09,0.004774222265762467
1934-10,0.024646030692273724
1934-11,0.09883462966446882
1934-12,-0.010170584527576163
1935-01,-0.04419426515241352
1935-02,0.0093285433848764
1935-03,-0.036094481548925805
1935-04,0.01751251009623227
1935-05,0.012535826804032495
1935-06,0.06449763760235835
1935-07,0.04293915107982692
1935-08,0.013755806458119975
1935-09,0.02728203408345124
1935-10,0.06263239373849559
1935-11,0.007012407214022335
1935-12,-0.001476190494875072
1936-01,0.006614975170047388
1936-02,0.00559396265170033
1936-03,-0.030791489035482213
1936-04,-0.06342535393506042
1936-05,0.0077802270324027895
1936-06,-0.0007751651185294314
1936-07,0.02301768823925835
1936-08,0.028881986727291878
1936-09,0.01027969908078925
1936-10,0.016516399144677445
1936-11,0.043600060093296686
1936-12,-0.023229364753492396
1937-01,0.01719479543001688
1937-02,-0.0005007092065269399
1937-03,-0.017407258024903154
1937-04,-0.029599053921801604
1937-05,-0.005656303226063057
1937-06,-0.016391564628029574
1937-07,0.05390921405970123
1937-08,-0.016574091261216128
1937-09,-0.05926203764676728
1937-10,-0.05425817887871846
1937-11,-0.030970846478287906
1937-12,-0.015694260481511582
1938-01,-0.004210056128634053
1938-02,0.027898115399056164
1938-03,-0.14057057921670219
1938-04,0.07461800252796694
1938-05,0.010875060005878434
1938-06,0.1276049572635172
1938-07,0.0877675177462082
1938-08,-0.020452303707767867
1938-09,0.0018684238843463402
1938-10,0.07872520586211812
1938-11,-0.0004283654511901933
1938-12,0.013652198864660474
1939-01,-0.03048179237230448
1939-02,0.022537724094398873
1939-03,-0.06357508982894781
1939-04,-0.0061562508526952445
1939-05,0.033787287770665336
1939-06,-0.008999795309544725
1939-07,0.014569824228492418
1939-08,-0.04655382688354972
1939-09,-0.0008544747927635987
1939-10,0.037029376065093864
1939-11,-0.011819471390096883
1939-12,0.03623718393919461
1940-01,0.008932204478797081
1940-02,0.02965648383912604
1940-03,0.019550554896824526
1940-04,0.009918526474255014
1940-05,-0.17075442560811938
1940-06,0.04046101641693981
1940-07,0.03376976029455624
1940-08,0.010319986187951033
1940-09,0.01476468497175171
1940-10,-0.020459825354228578
1940-11,0.0033634691306445906
1940-12,0.0007017565788064975
1941-01,-0.007457608184932118
1941-02,-0.010948225926225338
1941-03,-0.02004427223830497
1941-04,-0.0478015045869728
1941-05,0.004983033990703705
1941-06,0.060338186915320835
1941-07,0.051745421602273155
1941-08,0.0476569850874618
1941-09,-0.004931782681455051
1941-10,-0.06205551715904611
1941-11,-0.03782577267916527
1941-12,-0.031003129672893388
1942-01,0.04962837034210654
1942-02,-0.02915873000063074
1942-03,-0.08150116153874641
1942-04,-0.03494716956377308
1942-05,0.09491645178937189
1942-06,0.02681755083308799
1942-07,0.03276489425956301
1942-08,0.01978298969469089
1942-09,0.00042844429573162326
1942-10,0.007131413769154243
1942-11,-0.012509224802035344
1942-12,0.05976477997821858
1943-01,0.08856340373723151
1943-02,0.017102099054559887
1943-03,0.037550431643316506
1943-04,0.050692702612722546
1943-05,0.034991010817778195
1943-06,0.01747136371032548
1943-07,-0.036187010635205734
1943-08,0.020715300876039712
1943-09,0.01380482914977131
1943-10,0.025585970935815404
1943-11,-0.014613314243927523
1943-12,0.06982202805476757
1944-01,0.04710974005675175
1944-02,-0.020177051131633695
1944-03,0.058735750803643794
1944-04,-0.015037547408682427
1944-05,0.0363541112530402
1944-06,0.026941567942050357
1944-07,0.01331565401951247
1944-08,0.016145034042332522
1944-09,-0.015141191294608149
1944-10,0.006288485955768764
1944-11,0.029965634588087903
1944-12,0.02229746769309903
1945-01,0.015503973305347302
1945-02,0.05448224449152041
1945-03,-0.016449927363379257
1945-04,0.06386523712406271
1945-05,0.01269504265114758
1945-06,0.017415658733239314
1945-07,-0.004498742674976183
1945-08,0.07520957702929922
1945-09,0.04737370886009923
1945-10,0.11983264760644324
1945-11,0.024470665720807548
1945-12,0.031010864969650654
1946-01,0.0009352756422993016
1946-02,-0.05733318482115109
1946-03,0.07192646423643785
1946-04,0.019471551887104192
1946-05,0.037725604963770955
1946-06,-0.016778064860288336
1946-07,0.009128854597023884
1946-08,-0.028500353459046772
1946-09,-0.10880212806008473
1946-10,0.007410644160995554
1946-11,-0.035080423947037746
1946-12,0.019299283611702286
1947-01,-0.024101372774030315
1947-02,-0.03991150652516351
1947-03,-0.028548590950533137
1947-04,-0.06270351255826795
1947-05,0.0035304378910863215
1947-06,0.042147600787012775
1947-07,0.01657916148101998
1947-08,-0.019300231747869004
1947-09,0.024102130450345465
1947-10,-0.019694985101263454
1947-11,0.0022859218076387525
1947-12,-0.0025231077236497665
1948-01,-0.02301662971000985
1948-02,-0.027421398930391833
1948-03,0.032529285950537695
1948-04,-0.001568661342618148
1948-05,0.059460643062243454
1948-06,-0.012871119446450079
1948-07,0.02085425880102601
1948-08,0.009789515936873447
1948-09,-0.015429881528667935
1948-10,0.02975637348174722
1948-11,-0.03685203220488789
1948-12,-0.017134979454346364
1949-01,0.019856593614911086
1949-02,-0.026169861611560513
1949-03,0.011855700994039957
1949-04,-0.004409833372270375
1949-05,0.017566608361291577
1949-06,0.012319981124210263
1949-07,0.03415241067594367
1949-08,0.027601541814796526
1949-09,0.03324831418424694
1949-10,0.006950145070120873
1949-11,0.01515068543774267
1949-12,0.029984328094698653
1950-01,0.01467237646134886
1950-02,0.011243364193171039
1950-03,0.003638280990730482
1950-04,-0.002675077439382958
1950-05,-0.0009242972582534906
1950-06,-0.022647122344602755
1950-07,0.008677054282036623
1950-08,0.023809412718933345
1950-09,0.05944416524793043
1950-10,-0.007504289773629844
1950-11,0.003172978980173662
1950-12,0.004428830054239748
1951-01,0.06002130204232664
1951-02,-0.000501965052474752
1951-03,-0.009749742661705283
1951-04,0.026080757203566465
1951-05,-0.015395182080717287
1951-06,-0.00239422678401904
1951-07,0.02501015860418009
1951-08,0.028167119733601597
1951-09,0.009045844481191157
1951-10,-0.018173580248320213
1951-11,0.0007065162562286051
1951-12,0.018823008147150898
1952-01,0.020385827581195302
1952-02,-0.013031031726413076
1952-03,0.005789380071284844
1952-04,-0.04934778618933823
1952-05,0.0031556640136298345
1952-06,0.04847131652249516
1952-07,0.011375187988961881
1952-08,0.007945867189038768
1952-09,-0.03961270909783125
1952-10,0.022966666806951766
1952-11,0.06301878652051418
1952-12,0.01205228049709753
1953-01,0.011566338359385869
1953-02,0.029589778213615688
1953-03,-0.03703550301744114
1953-04,0.010516477315587086
1953-05,-0.008031930050912597
1953-06,-0.00787480654874857
1953-07,0.030362249488461977
1953-08,-0.038069751249069576
1953-09,0.00336960668346953
1953-10,-0.004282900232727042
1953-11,-0.013181762356267657
1953-12,-0.033149380230186286
1954-01,0.016159329672822246
1954-02,-0.01220461226680537
1954-03,-0.0018522580942033377
1954-04,0.031862030221317
1954-05,0.01450608976644643
1954-06,-0.07028463104675564
1954-07,0.0748758629179152
1954-08,-0.009486738834266359
1954-09,0.026106907569492712
1954-10,-0.00982071661383491
1954-11,0.038651135799259446
1954-12,0.06173531370744862
1955-01,-0.009372931792276176
1955-02,-0.0014250073277737743
1955-03,-0.01607347063374562
1955-04,0.029351039009419308
1955-05,-0.0039785646427111555
1955-06,0.010663072793296917
1955-07,0.0320037645713279
1955-08,0.019623030162467796
1955-09,0.03343258560048215
1955-10,-0.01669538514619885
1955-11,0.019559442904361325
1955-12,0.020766758922746813
1956-01,0.011173843388103599
1956-02,-0.007318458774698548
1956-03,0.027637399886810812
1956-04,0.037969441146716916
1956-05,-0.022675626661984118
1956-06,0.0023789008704957135
1956-07,0.002731602358058381
1956-08,-0.00912184402553632
1956-09,-0.014537089751166125
1956-10,0.005367313949243258
1956-11,0.0022091657526489856
1956-12,0.03474429388464467
1957-01,0.020663717945376574
1957-02,0.0023380867166712662
1957-03,0.03533040781727706
1957-04,0.03745374818771795
1957-05,0.013009351246518929
1957-06,-0.012980642896251875
1957-07,-0.00533016657053241
1957-08,-0.0003902104810160805
1957-09,0.018871837361422776
1957-10,-0.00840209965525804
1957-11,0.046415034969985385
1957-12,0.008385882594418987
1958-01,0.06229683523947149
1958-02,0.022582262560224144
1958-03,0.041847716957696686
1958-04,0.050176650881841846
1958-05,0.01476238199115426
1958-06,0.02543613065255735
1958-07,0.008548031682451364
1958-08,0.018461046314536034
1958-09,0.06405867890767057
1958-10,0.011643019821852089
1958-11,0.016101220688328036
1958-12,0.0258691503558581
1959-01,0.04586514400576443
1959-02,0.025473957263489173
1959-03,0.004572415833325768
1959-04,0.024045846579965075
1959-05,-0.011496791875554961
1959-06,0.028724761261016786
1959-07,0.03697932815712243
1959-08,0.0034180966202385886
1959-09,-0.021638283156539328
1959-10,0.03984677541323986
1959-11,0.0021652953492968044
1959-12,-0.00876569916279854
1960-01,-0.02957916945877902
1960-02,-0.005935675619832543
1960-03,-0.010070684002535541
1960-04,-0.003394951523724255
1960-05,0.018444850195429945
1960-06,0.02294505690999797
1960-07,0.017816479663372947
1960-08,0.03310824772006496
1960-09,-0.012248222823445905
1960-10,0.025153542568905212
1960-11,0.06764049060469901
1960-12,0.018543556624598473
1961-01,0.0691914292919887
1961-02,0.05340225011364522
1961-03,0.03859568069222665
1961-04,0.012069749057112373
1961-05,0.06561655961459069
1961-06,0.006524896952478334
1961-07,0.03634645941817957
1961-08,0.0554136749786901
1961-09,-0.0012422942449979062
1961-10,0.040798441917609896
1961-11,0.06916455532909814
1961-12,-0.024721775634214096
1962-01,-0.02113113425645141
1962-02,0.008636285422829276
1962-03,-0.0357601352103226
1962-04,-0.06637681524387831
1962-05,-0.09832199049416585
1962-06,-0.06427126836044678
1962-07,0.015405058791837158
1962-08,0.026336214015187612
1962-09,-0.05969876611968243
1962-10,-0.027803433713199245
1962-11,0.10089693321684028
1962-12,0.0013952257959812366
1963-01,0.014336272355926688
1963-02,-0.024944423325590832
1963-03,0.04887142750572128
1963-04,0.04643317037726612
1963-05,-0.0006315501953998628
1963-06,-0.018888019208063742
1963-07,-0.026588107008542278
1963-08,0.04185963433354116
1963-09,-0.0217718037710719
1963-10,0.029139847034640128
1963-11,-0.019248100160302886
1963-12,0.03195767907608967
1964-01,-0.009441391704754384
1964-02,0.02242004553851148
1964-03,0.05539381369501953
1964-04,0.01355009063206742
1964-05,0.007515831581369089
1964-06,0.014097278053483226
1964-07,0.027649690535108202
1964-08,0.03227652506710402
1964-09,-0.012592733623572844
1964-10,0.00777892253944854
1964-11,-0.017104212672371118
1964-12,-0.03235067011755152
1965-01,0.050988377537122105
1965-02,0.0010730433140481582
1965-03,0.006640745232955546
1965-04,0.05106446917664861
1965-05,-0.010156173847379412
1965-06,-0.011695836255198697
1965-07,0.008771313474226309
1965-08,0.05951190698000816
1965-09,-0.015160821391061001
1965-10,0.0220859907360074
1965-11,-0.01757034409933352
1965-12,-0.01696558266284347
1966-01,0.013860237202492489
1966-02,-0.026709383138728563
1966-03,-0.026148842332773547
1966-04,0.003332977109253383
1966-05,-0.05082389325953874
1966-06,0.0005546116053077232
1966-07,-0.02020064892101245
1966-08,-0.04270213608170621
1966-09,-0.018499816383383223
1966-10,0.0501947705948226
1966-11,-0.008354423597954424
1966-12,-0.0012897368137466093
1967-01,0.11904972576274235
1967-02,-0.002712037073216529
1967-03,0.06036313530494458
1967-04,0.03905487105561108
1967-05,-0.06673909039124037
1967-06,0.05567238605578168
1967-07,0.044148964264557417
1967-08,-0.030336818062398338
1967-09,-0.018721136457196592
1967-10,0.004761115415404025
1967-11,-0.00420474861575432
1967-12,0.0507077154874757
1968-01,-0.008835515294614429
1968-02,0.0006507634280854507
1968-03,-0.016241396882779723
1968-04,0.04369784187891561
1968-05,0.01731811441709097
1968-06,0.004621815006896457
1968-07,-0.0034110233839151896
1968-08,0.010536296810082918
1968-09,0.05196143604811145
1968-10,-0.011010293442741513
1968-11,0.035797218955440344
1968-12,0.054211656164825886
1969-01,0.029339676402590227
1969-02,-0.05305971024058921
1969-03,-0.0014084486231492749
1969-04,0.012038853947640722
1969-05,0.016806341626272595
1969-06,-0.058338982113503676
1969-07,-0.02277577012617071
1969-08,0.03252353691029418
1969-09,0.007859263739009099
1969-10,0.10306330402970935
1969-11,-0.002182117120107372
1969-12,-0.010908819259775212
1970-01,-0.033267799134458625
1970-02,0.024255297270401127
1970-03,-0.003546057420657089
1970-04,-0.03840964665012453
1970-05,0.006018289919279895
1970-06,0.021812264989117806
1970-07,0.056237312492283156
1970-08,-6.37945535521215e-05
1970-09,0.00682223906308378
1970-10,0.0531508591975252
1970-11,0.051507449753402074
1970-12,0.013915057520279495
1971-01,0.04072939184168838
1971-02,0.03225313141455285
1971-03,0.03940638028041714
1971-04,0.024737989045022148
1971-05,-0.05154501656061905
1971-06,0.00925151337799257
1971-07,-0.00851307312156092
1971-08,0.012622076397945787
1971-09,-0.02067305040067935
1971-10,-0.04062095085264359
1971-11,0.007006798696899486
1971-12,0.08242745747222047
1972-01,0.03923101114792339
1972-02,0.06553654235233528
1972-03,0.014364477336729322
1972-04,0.051495827749343887
1972-05,0.02434998598176997
1972-06,0.010144646183159162
1972-07,-0.03433715738516696
1972-08,-0.002319304556837507
1972-09,-0.03415959872990605
1972-10,-0.0073292951527287546
1972-11,0.051868820073189305
1972-12,-0.023018465305333198
1973-01,-0.012355485538421477
1973-02,-0.00938394093664077
1973-03,0.004265969419450454
1973-04,-0.06745892340442347
1973-05,-0.008253260042406885
1973-06,0.02188999757905795
1973-07,0.045676818304492606
1973-08,-0.06576110372630872
1973-09,0.013648347748076821
1973-10,0.011563759687157216
1973-11,-0.09380718463669552
1973-12,0.011340111868539317
1974-01,0.008812126254710234
1974-02,0.013660353334644562
1974-03,-0.0437849729685388
1974-04,-0.046191085492037265
1974-05,0.0026867198784655093
1974-06,-0.01508192495144633
1974-07,-0.06827203940366938
1974-08,-0.06851521731039559
1974-09,-0.10965008530952695
1974-10,0.14756543467485023
1974-11,0.005997502363800273
1974-12,-0.02823194149091446
1975-01,0.11121386502230408
1975-02,0.020954850413407788
1975-03,0.051462472307827106
1975-04,0.019512927669607896
1975-05,0.017309383047930636
1975-06,0.0369841825020324
1975-07,-0.04941453576485762
1975-08,-0.037696407466257506
1975-09,-0.0025106201614593015
1975-10,0.024269824532686904
1975-11,0.02860432020948247
1975-12,-0.005538197739542583
1976-01,0.07380181221915315
1976-02,-0.008100452033211724
1976-03,0.01257319498576746
1976-04,-0.029771038626595615
1976-05,-0.024180510179310125
1976-06,0.008679072695156316
1976-07,0.0024451377164772595
1976-08,0.02608512928820045
1976-09,0.03138722437921525
1976-10,-0.017746348264847403
1976-11,-0.014726858107481502
1976-12,0.049631669971141296
1977-01,-0.06662868451397373
1977-02,-0.0037270555396481594
1977-03,-0.03207943394581788
1977-04,0.014572008213213535
1977-05,0.0011460761559685816
1977-06,0.016890858562381903
1977-07,-0.0015980613287121374
1977-08,0.021294512326427654
1977-09,-0.011800441024490653
1977-10,-0.022490360461120754
1977-11,0.023641826903298614
1977-12,-0.010220524237533658
1978-01,-0.04131135985245522
1978-02,0.0005715246071887983
1978-03,0.021832992494877378
1978-04,0.048377144096079454
1978-05,0.007045052850374066
1978-06,0.005374359968916057
1978-07,0.04094174462304824
1978-08,0.018743387147874976
1978-09,0.011800689493490727
1978-10,-0.08560026282205752
1978-11,0.013807943728337487
1978-12,0.028042481848407796
1979-01,0.024708379868807046
1979-02,-0.030642033412066595
1979-03,0.04010114966659579
1979-04,0.014155985354974159
1979-05,-0.03842679998669886
1979-06,0.043350838779600734
1979-07,0.024442798719106387
1979-08,0.08625577589062138
1979-09,-0.016600851620985124
1979-10,-0.04929039763385567
1979-11,0.06191675968008226
1979-12,0.03293515016158495
1980-01,0.012994077862436618
1980-02,-0.0380635428013979
1980-03,-0.04702363583874101
1980-04,0.061855823422017425
1980-05,0.06478136914143529
1980-06,0.033094894348024845
1980-07,0.0635587283765332
1980-08,0.0007445097241535434
1980-09,-0.006666308001067342
1980-10,0.025465675243003316
1980-11,0.0061960773137546485
1980-12,-0.003929195996637546
1981-01,0.00116516809098013
1981-02,0.03562221372500658
1981-03,0.05291961340947735
1981-04,-0.006276682115341876
1981-05,0.024583829967075498
1981-06,0.006380251363504778
1981-07,0.006810721691932049
1981-08,-0.033852782806144587
1981-09,-0.016266900394798837
1981-10,0.0594981964746244
1981-11,0.030706694837540918
1981-12,-0.020646506531884733
1982-01,-0.005909416956304184
1982-02,-0.016227926892351082
1982-03,0.039626839233897766
1982-04,0.07348381048242578
1982-05,-0.024999472129744883
1982-06,0.0007479832133154563
1982-07,-0.01730785287526241
1982-08,0.07277124305104528
1982-09,0.01933608248210514
1982-10,0.07170418729472242
1982-11,0.011043810665070961
1982-12,-0.011088432391012376
1983-01,-0.009292992269837055
1983-02,0.0266208227369632
1983-03,0.0686647617278255
1983-04,0.038787926391294275
1983-05,-0.03198424772541939
1983-06,0.0025824197055797173
1983-07,0.0071483258741103705
1983-08,0.03226016884774314
1983-09,0.0514049100280022
1983-10,-0.004156936332108474
1983-11,-0.004010200131895794
1983-12,0.015310527676067357
1984-01,0.007110252255078244
1984-02,-0.05508628513434428
1984-03,-0.000533787689236875
1984-04,-0.003805274223475652
1984-05,-0.005666584284120582
1984-06,0.03633654307189334
1984-07,-0.01363947802953426
1984-08,0.06575391431847206
1984-09,0.018975317319097997
1984-10,0.018451706593863592
1984-11,0.006233678093643526
1984-12,0.009417017422324475
1985-01,0.02919721173784572
1985-02,0.062244919303092505
1985-03,0.02530392444989931
1985-04,-0.031668948821837836
1985-05,0.03285182442124223
1985-06,0.021661029059812133
1985-07,-0.01939721537266419
1985-08,0.011015821708672036
1985-09,-0.05565615191490919
1985-10,0.0028142345707283297
1985-11,0.06828601616233025
1985-12,0.09278251215771481
1986-01,0.015404886367417974
1986-02,0.08902845046992529
1986-03,0.09379860088573709
1986-04,0.0278545657601986
1986-05,0.058285380794636424
1986-06,0.08704717144969568
1986-07,-0.019001834318521805
1986-08,0.022627319064731474
1986-09,-0.08099957563595389
1986-10,0.09585374531555894
1986-11,-0.0017187159059795687
1986-12,-0.0385570061062101
1987-01,0.18376390847423166
1987-02,-0.014482424703118344
1987-03,0.026793765660825135
1987-04,-0.007901391645444825
1987-05,-0.0012061082629027838
1987-06,0.026650503270784262
1987-07,0.07790226706005181
1987-08,0.09781069112341503
1987-09,0.006737809565211462
1987-10,-0.1595713793827429
1987-11,-0.037461103629157694
1987-12,0.06192417085522661
1988-01,0.01593001490957458
1988-02,0.046997974268137815
1988-03,-0.0013652300532762621
1988-04,-0.007854262185832354
1988-05,-0.01779950400542185
1988-06,0.03977036457344313
1988-07,0.023196095305319655
1988-08,0.00652577105881054
1988-09,0.06618904604291002
1988-10,0.021564589913203456
1988-11,0.0032449932190312574
1988-12,0.042959843947263196
1989-01,0.03385862358115447
1989-02,-0.001682133124404689
1989-03,0.0855086726950719
1989-04,0.04007879026872119
1989-05,0.07091621648111449
1989-06,0.004256202998282995
1989-07,0.10902332326734254
1989-08,-0.011483299877507087
1989-09,0.009825804761647829
1989-10,0.011440142908703377
1989-11,0.0179203760585563
1989-12,0.016183601387166357
1990-01,-0.07279283971132967
1990-02,0.012127201715097314
1990-03,0.04530325823445175
1990-04,0.03472329209436929
1990-05,0.049149465037428744
1990-06,0.061291100055242596
1990-07,0.029335512970913157
1990-08,-0.03297078224644058
1990-09,-0.027806038974553048
1990-10,0.06041792368370301
1990-11,0.06996089518054337
1990-12,0.036936582830623885
1991-01,0.02035234711394844
1991-02,0.07074693015373575
1991-03,0.03741118607843876
1991-04,-0.03231784840470706
1991-05,0.03420313994982837
1991-06,-0.03740126525361828
1991-07,0.071264475645767
1991-08,0.056921955871786376
1991-09,-0.03471257116829468
1991-10,-0.028817461066472504
1991-11,-0.0018250880115345614
1991-12,0.108158154377042
1992-01,-0.030532647260775373
1992-02,0.0005169561962078033
1992-03,-0.021199407984230624
1992-04,0.0520468454701042
1992-05,0.00023053138137858233
1992-06,-0.07661234223249509
1992-07,0.03187638659995521
1992-08,-0.019116627172794175
1992-09,0.021242169617596524
1992-10,-0.018231950915375106
1992-11,0.008710401737269323
1992-12,-0.0023310641711715967
1993-01,-0.02475427950081579
1993-02,-0.022424557418466266
1993-03,0.010947031596713088
1993-04,-0.09863496158655069
1993-05,0.014722937211513236
1993-06,0.005255210659002186
1993-07,-0.017342882719728867
1993-08,-0.010585361265442045
1993-09,-0.03362406086511919
1993-10,0.06347000511155634
1993-11,0.015898393300507047
1993-12,0.0054533672690610935
1994-01,0.026397631899040125
1994-02,-0.031375320418445964
1994-03,-0.07627066437312666
1994-04,0.060033720337114384
1994-05,-0.038364133451741673
1994-06,-0.001820674653895312
1994-07,0.030439787674008383
1994-08,0.07295826271755726
1994-09,-0.006358503647357044
1994-10,-0.0007857432323039983
1994-11,-0.00843820321295883
1994-12,0.013454044635179845
1995-01,0.025690147622570353
1995-02,0.013828151693251405
1995-03,0.03267279966891153
1995-04,-0.017756898924948136
1995-05,0.038282371607797204
1995-06,-0.003507661048593177
1995-07,-0.02521865301387028
1995-08,0.0249945065289567
1995-09,0.056559071503874646
1995-10,0.021191186230930168
1995-11,0.03376454349635843
1995-12,0.03949978602754893
1996-01,0.015616195789483036
1996-02,0.04474173728347511
1996-03,-0.02211630113290588
1996-04,-0.02748928694712071
1996-05,0.056162899840238444
1996-06,0.035540015102666904
1996-07,-0.02489187846855561
1996-08,-0.05152947405189065
1996-09,0.0069961959083183305
1996-10,0.01816683638413346
1996-11,0.060815625869590356
1996-12,0.064660724556304
1997-01,0.07382627281586973
1997-02,0.06451078746158936
1997-03,-0.09432662814045893
1997-04,0.039196358088321594
1997-05,0.07017875765733626
1997-06,0.015730680559845552
1997-07,0.012619508097285577
1997-08,-0.06575753771247547
1997-09,0.02080458745900837
1997-10,-0.04147010508721828
1997-11,0.06740782953881266
1997-12,0.03942911754554708
1998-01,-0.0551541437915396
1998-02,0.0585433558152823
1998-03,0.028136578017621997
1998-04,-0.07350513994470194
1998-05,0.021438645534924312
1998-06,0.047783082346566336
1998-07,0.02863199570170617
1998-08,-0.09278725663083967
1998-09,0.057262139616233027
1998-10,0.09955526479730005
1998-11,0.06004097015182053
1998-12,-0.019226911944825356
1999-01,-0.0653833340414914
1999-02,-0.06793265196743391
1999-03,-0.05183190505735806
1999-04,0.014851476813676007
1999-05,0.049645316675107146
1999-06,0.004108879660604346
1999-07,-0.016313990648021588
1999-08,-0.00935977318719106
1999-09,-0.08598154528863663
1999-10,-0.0648412453444892
1999-11,0.04093966038981149
1999-12,-0.08020649585958126
2000-01,-0.06230069327108617
2000-02,-0.06214639130614958
2000-03,0.043322918758415346
2000-04,0.03474764567339053
2000-05,0.1368728107515782
2000-06,0.043186125870009966
2000-07,-0.0016907541557962835
2000-08,0.059941962983923285
2000-09,0.03075535329895454
2000-10,0.13564215323095094
2000-11,0.052345704127585276
2000-12,0.07006594538810197
2001-01,-0.01788197197649617
2001-02,0.020916902202213237
2001-03,-0.023797346335184967
2001-04,0.023631870666018427
2001-05,0.03309108564574252
2001-06,-0.028182664757878843
2001-07,-0.0373177406255351
2001-08,0.03451890596919026
2001-09,-0.0037272670790774783
2001-10,-0.01203546919121666
2001-11,0.011795920240989601
2001-12,-0.01004765744370032
2002-01,0.017585391438480796
2002-02,0.05061109848097957
2002-03,0.03145828879967425
2002-04,0.030428261014669014
2002-05,0.020196430690990273
2002-06,-0.12279845164608873
2002-07,-0.007117223932119539
2002-08,0.04892748651359709
2002-09,-0.10891430887702913
2002-10,0.032130042819660226
2002-11,-0.05155010558349498
2002-12,0.0323488420792094
2003-01,-0.04555511449329936
2003-02,-0.00791775871988482
2003-03,-0.10986134508451148
2003-04,0.014629806393787945
2003-05,0.21637607493001612
2003-06,0.05984692788310356
2003-07,-0.05364780243601563
2003-08,-0.0028874799390841257
2003-09,0.03930050074222573
2003-10,0.044822978704496634
2003-11,0.06729917325093536
2003-12,0.04834936920174787
2004-01,0.0024612784272708523
2004-02,0.03239257849146874
2004-03,-0.024631636442782396
2004-04,0.012163551938982288
2004-05,-0.053296351239504804
2004-06,0.02182306459493918
2004-07,-0.03747972502178429
2004-08,0.01721527557849559
2004-09,-0.04913824615086091
2004-10,0.0010555025332143822
2004-11,0.08703425338602186
2004-12,0.038246898868474155
2005-01,0.02444685924515017
2005-02,0.025085121278618196
2005-03,0.0014607108466665943
2005-04,0.004027027882153169
2005-05,0.025576957278360454
2005-06,-0.024950632167913864
2005-07,0.028650023099622206
2005-08,0.02834925904272403
2005-09,0.021227605411221304
2005-10,0.020509848257563718
2005-11,-0.0018315589457256719
2005-12,0.014448291626850794
2006-01,-0.00817293782072348
2006-02,0.004131923645566708
2006-03,-0.008568244183070946
2006-04,0.011112017709337667
2006-05,0.019685692327828658
2006-06,0.0029969868070577003
2006-07,0.06245215054929876
2006-08,0.012872993661577762
2006-09,-0.036879104292292235
2006-10,0.02790004957182417
2006-11,0.016061323467313145
2006-12,0.019999821763581692
2007-01,0.0106348283228943
2007-02,-0.029838752841220458
2007-03,0.030284512914189293
2007-04,0.025689495877508566
2007-05,0.023016038431008887
2007-06,-0.009478881730126431
2007-07,-0.025416840349296484
2007-08,0.021280076089749585
2007-09,0.03734983210205155
2007-10,0.035826253440113816
2007-11,0.04535261693132326
2007-12,-0.014425494859539399
2008-01,-0.030900515206370813
2008-02,-0.008526978859096212
2008-03,0.020977813827408147
2008-04,-0.06873292319951889
2008-05,0.0638320284846334
2008-06,-0.05686377554333303
2008-07,0.032627938301042804
2008-08,0.013463762345786095
2008-09,-0.03592647873525795
2008-10,-0.08024022505240772
2008-11,-0.0251897095947736
2008-12,-0.008103209774572484
2009-01,-0.02578165397770936
2009-02,-0.06205855837732863
2009-03,0.04110156836430595
2009-04,0.0036430674488400535
2009-05,0.06931598754551253
2009-06,0.008330349431065039
2009-07,0.03829395144489403
2009-08,-0.014969493368126151
2009-09,0.0516974538116078
2009-10,0.0014205894833557455
2009-11,0.021792246057746677
2009-12,0.024749064199252914
2010-01,-0.03032540653559167
2010-02,0.03680948610801545
2010-03,0.0382008048751585
2010-04,-0.007589634928202374
2010-05,-0.05673542634988765
2010-06,0.013127210892611676
2010-07,0.07299759416040014
2010-08,0.004229569456832853
2010-09,0.057011052662399725
2010-10,0.037696246713421616
2010-11,-0.016655582355755087
2010-12,0.02992238951138662
2011-01,-0.015167043276142704
2011-02,0.054737468610372285
2011-03,0.051152179503080354
2011-04,0.046701633062484454
2011-05,0.033664555801279035
2011-06,-0.029056828701269397
2011-07,0.021529964308649202
2011-08,0.007269215703596169
2011-09,-0.03118021645688568
2011-10,0.05076121323589694
2011-11,0.020833629491860954
2011-12,0.01785746150512865
2012-01,-0.029866715710522514
2012-02,0.05565286602969938
2012-03,0.05149901135920048
2012-04,0.0015626721242325264
2012-05,-0.023602920379558766
2012-06,0.036965508521339285
2012-07,0.021188659802559393
2012-08,-0.0017915942254886612
2012-09,0.002048307220212705
2012-10,-0.02738202521667273
2012-11,0.02803079249075093
2012-12,-0.044330269090235914
2013-01,0.050969950554608665
2013-02,0.01209264928509329
2013-03,0.030181051763403747
2013-04,0.021489867079749835
2013-05,-0.02586753877252325
2013-06,-0.005036528509545278
2013-07,0.025267699074001275
2013-08,-0.018305327689162914
2013-09,0.029040520954689036
2013-10,0.04863911378647131
2013-11,-0.010753637022732899
2013-12,-0.00044914149786211277
2014-01,-0.03955401309993559
2014-02,0.018606274790826202
2014-03,0.0431677291560555
2014-04,0.0338277262357467
2014-05,0.015793262139376516
2014-06,0.0016811729629271227
2014-07,-0.03335678958195581
2014-08,0.05077686925583944
2014-09,0.009323300788230807
2014-10,0.03443576857786235
2014-11,0.01187207868472231
2014-12,-0.02540923956457429
2015-01,0.017132630039748385
2015-02,0.05238167199379767
2015-03,-0.04553317587306297
2015-04,0.04499443337891321
2015-05,0.022617264809512518
2015-06,-0.02628626816977468
2015-07,0.04787147919984125
2015-08,-0.02165881091850585
2015-09,0.021071506257312564
2015-10,0.07053227873184682
2015-11,-0.0018126082525578239
2015-12,0.008444349520928108
2016-01,0.02823281341410315
2016-02,-0.0031520991936939053
2016-03,0.04299186850125384
2016-04,-0.00699936903999948
2016-05,0.006086299537926169
2016-06,0.037445315797273636
2016-07,-0.02045766831323012
2016-08,-0.01335349652336134
2016-09,-0.01686823201737452
2016-10,0.010156066620014647
2016-11,-0.03711860220490783
2016-12,0.02870478351924713
2017-01,0.029044570235188593
2017-02,0.06383892927533615
2017-03,-0.0013632312943555169
2017-04,0.008783015137229816
2017-05,0.05319057392621318
2017-06,-0.0042026753930464724
2017-07,-0.01927667387199643
2017-08,-0.01033785250816827
2017-09,-0.01158150462291237
2017-10,-0.00512187749911988
2017-11,0.0012993088356704346
2017-12,0.033044232390363575
2018-01,0.007152928394419954
2018-02,-0.0476179406404731
2018-03,0.004738225717641889
2018-04,-0.09397959639842712
2018-05,-0.0200961405346027
2018-06,0.028302314936268273
2018-07,0.029124171148555252
2018-08,-0.0374797383568534
2018-09,0.03892881825055264
2018-10,0.039444859405514045
2018-11,-0.025895643619035444
2018-12,-0.10060547595654366
